Compiling 42 files with Solc 0.8.28
Solc 0.8.28 finished in 29.18s
Compiler run successful with warnings:
Warning (2018): Function state mutability can be restricted to view
   --> test/AllocationTree.t.sol:107:5:
    |
107 |     function testFuzz_treeRejectsProofWrongLength(uint8 length) public {
    |     ^ (Relevant source part starts here and spans across multiple lines).

Warning (2018): Function state mutability can be restricted to pure
   --> test/SourceCoordinator.t.sol:605:5:
    |
605 |     function _sign(uint256 key, bytes32 digest) internal returns (bytes memory) {
    |     ^ (Relevant source part starts here and spans across multiple lines).

Warning (2018): Function state mutability can be restricted to pure
  --> test/WorkAuthorizationConformance.t.sol:88:5:
   |
88 |     function _decimal(string memory json, string memory path) private view returns (uint256) {
   |     ^ (Relevant source part starts here and spans across multiple lines).

Warning (2018): Function state mutability can be restricted to pure
  --> test/WorkAuthorizationConformance.t.sol:92:5:
   |
92 |     function _textHash(string memory json, string memory path) private view returns (bytes32) {
   |     ^ (Relevant source part starts here and spans across multiple lines).

note[multi-contract-file]: prefer having only one contract, interface or library per file
  ╭▸ src/PaidInvoiceBook.sol:6:11
  │
6 │ interface IWorkTreasuryPaidRead {
  │           ━━━━━━━━━━━━━━━━━━━━━
  │
  ╰ help: https://getfoundry.sh/forge/linting/multi-contract-file

note[multi-contract-file]: prefer having only one contract, interface or library per file
   ╭▸ src/PaidInvoiceBook.sol:17:10
   │
17 │ contract PaidInvoiceBook {
   │          ━━━━━━━━━━━━━━━
   │
   ╰ help: https://getfoundry.sh/forge/linting/multi-contract-file

note[literal-instead-of-constant]: this literal appears multiple times in the contract; declare a named constant for it
    ╭▸ src/SourceCoordinator.sol:592:45
    │
592 │         if (voter == o.committee[2]) return 4;
    │                                             ━
    │
    ╰ help: https://getfoundry.sh/forge/linting/literal-instead-of-constant

note[literal-instead-of-constant]: this literal appears multiple times in the contract; declare a named constant for it
    ╭▸ src/SourceCoordinator.sol:599:22
    │
599 │         if ((value & 4) != 0) ++count;
    │                      ━
    │
    ╰ help: https://getfoundry.sh/forge/linting/literal-instead-of-constant

note[literal-instead-of-constant]: this literal appears multiple times in the contract; declare a named constant for it
    ╭▸ src/SourceCoordinator.sol:611:22
    │
611 │         if ((votes & 4) != 0 && proposalNonce >= _rulingNonceFloor[orderId][milestoneId][o.committee[2]]) valid |= 4;
    │                      ━
    │
    ╰ help: https://getfoundry.sh/forge/linting/literal-instead-of-constant

note[literal-instead-of-constant]: this literal appears multiple times in the contract; declare a named constant for it
    ╭▸ src/SourceCoordinator.sol:611:116
    │
611 │         if ((votes & 4) != 0 && proposalNonce >= _rulingNonceFloor[orderId][milestoneId][o.committee[2]]) valid |= 4;
    │                                                                                                                    ━
    │
    ╰ help: https://getfoundry.sh/forge/linting/literal-instead-of-constant

warning[missing-zero-check]: address parameter is used in a state write or value transfer without a zero-address check
   ╭▸ src/PaidInvoiceBook.sol:58:9
   │
58 │         address expectedAsset,
   │         ━━━━━━━━━━━━━━━━━━━━━
   │
   ╰ help: https://getfoundry.sh/forge/linting/missing-zero-check

note[multi-contract-file]: prefer having only one contract, interface or library per file
   ╭▸ test/Performance.t.sol:16:10
   │
16 │ contract SourceEventGasHarness {
   │          ━━━━━━━━━━━━━━━━━━━━━
   │
   ╰ help: https://getfoundry.sh/forge/linting/multi-contract-file

note[multi-contract-file]: prefer having only one contract, interface or library per file
   ╭▸ test/Performance.t.sol:39:10
   │
39 │ contract PerformanceTest is Test {
   │          ━━━━━━━━━━━━━━━
   │
   ╰ help: https://getfoundry.sh/forge/linting/multi-contract-file

note[asm-keccak256]: use of inefficient hashing mechanism; consider using inline assembly
   ╭▸ src/NativeReceiptAuth.sol:74:16
   │
74 │           return keccak256(
   │ ┏━━━━━━━━━━━━━━━━┛
75 │ ┃             abi.encode(
76 │ ┃                 AUTHENTICATION_TYPEHASH,
77 │ ┃                 SOURCE_CHAIN_KEY,
   ‡ ┃
83 │ ┃         );
   │ ┗━━━━━━━━━┛
   │
   ╰ help: https://getfoundry.sh/forge/linting/asm-keccak256

note[asm-keccak256]: use of inefficient hashing mechanism; consider using inline assembly
   ╭▸ src/NativeReceiptAuth.sol:99:26
   │
99 │         bytes32 txHash = keccak256(encodedTransaction);
   │                          ━━━━━━━━━━━━━━━━━━━━━━━━━━━━━
   │
   ╰ help: https://getfoundry.sh/forge/linting/asm-keccak256

note[unsafe-cheatcode]: usage of unsafe cheatcodes that can perform dangerous operations
    ╭▸ test/EndToEnd.t.sol:334:50
    │
334 │         bytes memory code = vm.parseJsonBytes(vm.readFile(path), ".bytecode");
    │                                                  ━━━━━━━━
    │
    ╰ help: https://getfoundry.sh/forge/linting/unsafe-cheatcode

note[literal-instead-of-constant]: this literal appears multiple times in the contract; declare a named constant for it
   ╭▸ test/Performance.t.sol:53:27
   │
53 │             allocationId: 32,
   │                           ━━
   │
   ╰ help: https://getfoundry.sh/forge/linting/literal-instead-of-constant

note[literal-instead-of-constant]: this literal appears multiple times in the contract; declare a named constant for it
   ╭▸ test/Performance.t.sol:54:24
   │
54 │             treeIndex: 31,
   │                        ━━
   │
   ╰ help: https://getfoundry.sh/forge/linting/literal-instead-of-constant

note[literal-instead-of-constant]: this literal appears multiple times in the contract; declare a named constant for it
   ╭▸ test/Performance.t.sol:57:26
   │
57 │             milestoneId: 31,
   │                          ━━
   │
   ╰ help: https://getfoundry.sh/forge/linting/literal-instead-of-constant

note[literal-instead-of-constant]: this literal appears multiple times in the contract; declare a named constant for it
   ╭▸ test/Performance.t.sol:69:24
   │
69 │             leafCount: 32,
   │                        ━━
   │
   ╰ help: https://getfoundry.sh/forge/linting/literal-instead-of-constant

note[literal-instead-of-constant]: this literal appears multiple times in the contract; declare a named constant for it
   ╭▸ test/Performance.t.sol:81:41
   │
81 │         assertEq(logs[0].topics.length, 3);
   │                                         ━
   │
   ╰ help: https://getfoundry.sh/forge/linting/literal-instead-of-constant

note[literal-instead-of-constant]: this literal appears multiple times in the contract; declare a named constant for it
    ╭▸ test/Performance.t.sol:113:28
    │
113 │         for (uint32 i; i < 32; ++i) {
    │                            ━━
    │
    ╰ help: https://getfoundry.sh/forge/linting/literal-instead-of-constant

note[literal-instead-of-constant]: this literal appears multiple times in the contract; declare a named constant for it
    ╭▸ test/Performance.t.sol:123:28
    │
123 │         for (uint32 i; i < 32; ++i) {
    │                            ━━
    │
    ╰ help: https://getfoundry.sh/forge/linting/literal-instead-of-constant

note[literal-instead-of-constant]: this literal appears multiple times in the contract; declare a named constant for it
    ╭▸ test/Performance.t.sol:131:22
    │
131 │             if (i == 31) lateGas = used;
    │                      ━━
    │
    ╰ help: https://getfoundry.sh/forge/linting/literal-instead-of-constant

note[literal-instead-of-constant]: this literal appears multiple times in the contract; declare a named constant for it
    ╭▸ test/Performance.t.sol:144:47
    │
144 │         assertLt(address(source).code.length, 24_576);
    │                                               ━━━━━━
    │
    ╰ help: https://getfoundry.sh/forge/linting/literal-instead-of-constant

note[literal-instead-of-constant]: this literal appears multiple times in the contract; declare a named constant for it
    ╭▸ test/Performance.t.sol:145:47
    │
145 │         assertLt(address(target).code.length, 24_576);
    │                                               ━━━━━━
    │
    ╰ help: https://getfoundry.sh/forge/linting/literal-instead-of-constant

note[literal-instead-of-constant]: this literal appears multiple times in the contract; declare a named constant for it
    ╭▸ test/Performance.t.sol:147:56
    │
147 │         assertEq(source.epochState(epochId).leafCount, 32);
    │                                                        ━━
    │
    ╰ help: https://getfoundry.sh/forge/linting/literal-instead-of-constant

note[literal-instead-of-constant]: this literal appears multiple times in the contract; declare a named constant for it
    ╭▸ test/Performance.t.sol:154:17
    │
154 │         uint256[4] memory counts = [uint256(1), 4, 16, 32];
    │                 ━
    │
    ╰ help: https://getfoundry.sh/forge/linting/literal-instead-of-constant

note[literal-instead-of-constant]: this literal appears multiple times in the contract; declare a named constant for it
    ╭▸ test/Performance.t.sol:154:49
    │
154 │         uint256[4] memory counts = [uint256(1), 4, 16, 32];
    │                                                 ━
    │
    ╰ help: https://getfoundry.sh/forge/linting/literal-instead-of-constant

note[literal-instead-of-constant]: this literal appears multiple times in the contract; declare a named constant for it
    ╭▸ test/Performance.t.sol:154:52
    │
154 │         uint256[4] memory counts = [uint256(1), 4, 16, 32];
    │                                                    ━━
    │
    ╰ help: https://getfoundry.sh/forge/linting/literal-instead-of-constant

note[literal-instead-of-constant]: this literal appears multiple times in the contract; declare a named constant for it
    ╭▸ test/Performance.t.sol:154:56
    │
154 │         uint256[4] memory counts = [uint256(1), 4, 16, 32];
    │                                                        ━━
    │
    ╰ help: https://getfoundry.sh/forge/linting/literal-instead-of-constant

note[literal-instead-of-constant]: this literal appears multiple times in the contract; declare a named constant for it
    ╭▸ test/Performance.t.sol:156:88
    │
156 │             uint256 checkpointGas = _measureCheckpointClaims(source, counts[i], uint64(100 + i));
    │                                                                                        ━━━
    │
    ╰ help: https://getfoundry.sh/forge/linting/literal-instead-of-constant

note[literal-instead-of-constant]: this literal appears multiple times in the contract; declare a named constant for it
    ╭▸ test/Performance.t.sol:157:82
    │
157 │             uint256 receiptGas = _measureReceiptClaims(source, counts[i], uint64(200 + i));
    │                                                                                  ━━━
    │
    ╰ help: https://getfoundry.sh/forge/linting/literal-instead-of-constant

note[literal-instead-of-constant]: this literal appears multiple times in the contract; declare a named constant for it
    ╭▸ test/Performance.t.sol:166:71
    │
166 │         WorkTypes.EpochConfig memory config = _config(source, target, 33, 2);
    │                                                                       ━━
    │
    ╰ help: https://getfoundry.sh/forge/linting/literal-instead-of-constant

note[literal-instead-of-constant]: this literal appears multiple times in the contract; declare a named constant for it
    ╭▸ test/Performance.t.sol:171:63
    │
171 │         WorkTypes.OrderTerms memory prefix = _termsN(epochId, 31, 1, 0, 1);
    │                                                               ━━
    │
    ╰ help: https://getfoundry.sh/forge/linting/literal-instead-of-constant

note[literal-instead-of-constant]: this literal appears multiple times in the contract; declare a named constant for it
    ╭▸ test/Performance.t.sol:176:28
    │
176 │         for (uint32 i; i < 31; ++i) {
    │                            ━━
    │
    ╰ help: https://getfoundry.sh/forge/linting/literal-instead-of-constant

note[literal-instead-of-constant]: this literal appears multiple times in the contract; declare a named constant for it
    ╭▸ test/Performance.t.sol:201:56
    │
201 │         assertEq(source.epochState(epochId).leafCount, 33);
    │                                                        ━━
    │
    ╰ help: https://getfoundry.sh/forge/linting/literal-instead-of-constant

note[literal-instead-of-constant]: this literal appears multiple times in the contract; declare a named constant for it
    ╭▸ test/Performance.t.sol:268:27
    │
268 │         else if (count == 4) console2.log("PERF target.checkpoint.recognize_4.local_evm", used);
    │                           ━
    │
    ╰ help: https://getfoundry.sh/forge/linting/literal-instead-of-constant

note[literal-instead-of-constant]: this literal appears multiple times in the contract; declare a named constant for it
    ╭▸ test/Performance.t.sol:269:27
    │
269 │         else if (count == 16) console2.log("PERF target.checkpoint.recognize_16.local_evm", used);
    │                           ━━
    │
    ╰ help: https://getfoundry.sh/forge/linting/literal-instead-of-constant

note[literal-instead-of-constant]: this literal appears multiple times in the contract; declare a named constant for it
    ╭▸ test/Performance.t.sol:275:27
    │
275 │         else if (count == 4) console2.log("PERF target.receipt.recognize_4.cached.local_evm", used);
    │                           ━
    │
    ╰ help: https://getfoundry.sh/forge/linting/literal-instead-of-constant

note[literal-instead-of-constant]: this literal appears multiple times in the contract; declare a named constant for it
    ╭▸ test/Performance.t.sol:276:27
    │
276 │         else if (count == 16) console2.log("PERF target.receipt.recognize_16.cached.local_evm", used);
    │                           ━━
    │
    ╰ help: https://getfoundry.sh/forge/linting/literal-instead-of-constant

note[literal-instead-of-constant]: this literal appears multiple times in the contract; declare a named constant for it
    ╭▸ test/Performance.t.sol:299:57
    │
299 │             initializationCutoff: uint64(block.number + 100),
    │                                                         ━━━
    │
    ╰ help: https://getfoundry.sh/forge/linting/literal-instead-of-constant

note[literal-instead-of-constant]: this literal appears multiple times in the contract; declare a named constant for it
    ╭▸ test/Performance.t.sol:310:33
    │
310 │         return _termsN(epochId, 32, 1, 1, 1);
    │                                 ━━
    │
    ╰ help: https://getfoundry.sh/forge/linting/literal-instead-of-constant

note[literal-instead-of-constant]: this literal appears multiple times in the contract; declare a named constant for it
    ╭▸ test/Performance.t.sol:324:54
    │
324 │                 deliverBefore: uint64(block.number + 100),
    │                                                      ━━━
    │
    ╰ help: https://getfoundry.sh/forge/linting/literal-instead-of-constant

note[literal-instead-of-constant]: this literal appears multiple times in the contract; declare a named constant for it
    ╭▸ test/Performance.t.sol:325:53
    │
325 │                 reviewBefore: uint64(block.number + 200),
    │                                                     ━━━
    │
    ╰ help: https://getfoundry.sh/forge/linting/literal-instead-of-constant

note[literal-instead-of-constant]: this literal appears multiple times in the contract; declare a named constant for it
    ╭▸ test/Performance.t.sol:413:49
    │
413 │         bytes32[] memory topics = new bytes32[](3);
    │                                                 ━
    │
    ╰ help: https://getfoundry.sh/forge/linting/literal-instead-of-constant

note[literal-instead-of-constant]: this literal appears multiple times in the contract; declare a named constant for it
    ╭▸ test/Performance.t.sol:451:45
    │
451 │         bytes[] memory chunks = new bytes[](3);
    │                                             ━
    │
    ╰ help: https://getfoundry.sh/forge/linting/literal-instead-of-constant

note[inline-assembly]: inline assembly used; review for memory safety and side effects
    ╭▸ test/EndToEnd.t.sol:335:9
    │
335 │         assembly {
    │         ━━━━━━━━
    │
    ╰ help: https://getfoundry.sh/forge/linting/inline-assembly

warning[reentrancy-events]: event emitted after an external call; reentrancy can reorder or fabricate logs that off-chain consumers rely on
    ╭▸ src/NativeReceiptAuth.sol:170:9
    │
170 │ ┏         emit NativeTransactionAuthenticated(
171 │ ┃             id, position.blockHeight, position.transactionIndex, txHash, WorkTypes.NATIVE_PROFILE
172 │ ┃         );
    │ ┗━━━━━━━━━━┛
    │
    ╰ help: https://getfoundry.sh/forge/linting/reentrancy-events

note[unused-import]: unused imports should be removed
  ╭▸ test/EndToEnd.t.sol:7:5
  │
7 │     INativeQueryVerifier,
  │     ━━━━━━━━━━━━━━━━━━━━
  │
  ╰ help: https://getfoundry.sh/forge/linting/unused-import

note[unused-import]: unused imports should be removed
   ╭▸ test/EndToEnd.t.sol:17:9
   │
17 │ import {PaidInvoiceBook} from "../src/PaidInvoiceBook.sol";
   │         ━━━━━━━━━━━━━━━
   │
   ╰ help: https://getfoundry.sh/forge/linting/unused-import

warning[uninitialized-local]: local variable is read before being initialized
    ╭▸ test/Performance.t.sol:138:86
    │
138 │         console2.log("PERF source.approve.allocation_index_1.carry_plus_checkpoint", carryGas);
    │                                                                                      ━━━━━━━━
    │
    ╰ help: https://getfoundry.sh/forge/linting/uninitialized-local

warning[uninitialized-local]: local variable is read before being initialized
    ╭▸ test/Performance.t.sol:123:24
    │
123 │         for (uint32 i; i < 32; ++i) {
    │                        ━
    │
    ╰ help: https://getfoundry.sh/forge/linting/uninitialized-local

warning[uninitialized-local]: local variable is read before being initialized
    ╭▸ test/Performance.t.sol:137:86
    │
137 │         console2.log("PERF source.approve.allocation_index_0.first_plus_checkpoint", firstGas);
    │                                                                                      ━━━━━━━━
    │
    ╰ help: https://getfoundry.sh/forge/linting/uninitialized-local

warning[uninitialized-local]: local variable is read before being initialized
    ╭▸ test/Performance.t.sol:139:86
    │
139 │         console2.log("PERF source.approve.allocation_index_31.late_plus_checkpoint", lateGas);
    │                                                                                      ━━━━━━━
    │
    ╰ help: https://getfoundry.sh/forge/linting/uninitialized-local

warning[uninitialized-local]: local variable is read before being initialized
    ╭▸ test/Performance.t.sol:132:24
    │
132 │             if (used > maximumGas) {
    │                        ━━━━━━━━━━
    │
    ╰ help: https://getfoundry.sh/forge/linting/uninitialized-local

warning[uninitialized-local]: local variable is read before being initialized
    ╭▸ test/Performance.t.sol:141:72
    │
141 │         console2.log("PERF source.approve.maximum_tree_index", uint256(maximumIndex));
    │                                                                        ━━━━━━━━━━━━
    │
    ╰ help: https://getfoundry.sh/forge/linting/uninitialized-local

warning[uninitialized-local]: local variable is read before being initialized
    ╭▸ test/Performance.t.sol:113:24
    │
113 │         for (uint32 i; i < 32; ++i) {
    │                        ━
    │
    ╰ help: https://getfoundry.sh/forge/linting/uninitialized-local

warning[calls-loop]: external call inside a loop
    ╭▸ test/Performance.t.sol:114:13
    │
114 │             vm.prank(worker);
    │             ━━━━━━━━━━━━━━━━
    │
    ╰ help: https://getfoundry.sh/forge/linting/calls-loop

warning[calls-loop]: external call inside a loop
    ╭▸ test/Performance.t.sol:115:13
    │
115 │             source.deliver(orderId, i, keccak256(abi.encode("delivery", i)));
    │             ━━━━━━━━━━━━━━━━━━━━━━━━━━━━━━━━━━━━━━━━━━━━━━━━━━━━━━━━━━━━━━━━
    │
    ╰ help: https://getfoundry.sh/forge/linting/calls-loop

warning[calls-loop]: external call inside a loop
    ╭▸ test/Performance.t.sol:124:56
    │
124 │             SourceCoordinator.MilestoneData memory m = source.milestone(orderId, i);
    │                                                        ━━━━━━━━━━━━━━━━━━━━━━━━━━━━
    │
    ╰ help: https://getfoundry.sh/forge/linting/calls-loop

warning[calls-loop]: external call inside a loop
    ╭▸ test/Performance.t.sol:125:13
    │
125 │             vm.prank(buyer);
    │             ━━━━━━━━━━━━━━━
    │
    ╰ help: https://getfoundry.sh/forge/linting/calls-loop

warning[calls-loop]: external call inside a loop
    ╭▸ test/Performance.t.sol:127:13
    │
127 │             source.approve(orderId, i, m.deliveryHash, m.stateVersion);
    │             ━━━━━━━━━━━━━━━━━━━━━━━━━━━━━━━━━━━━━━━━━━━━━━━━━━━━━━━━━━
    │
    ╰ help: https://getfoundry.sh/forge/linting/calls-loop

note[literal-instead-of-constant]: this literal appears multiple times in the contract; declare a named constant for it
   ╭▸ test/EndToEnd.t.sol:74:26
   │
74 │         vm.deal(sponsor, 1_000);
   │                          ━━━━━
   │
   ╰ help: https://getfoundry.sh/forge/linting/literal-instead-of-constant

note[literal-instead-of-constant]: this literal appears multiple times in the contract; declare a named constant for it
   ╭▸ test/EndToEnd.t.sol:79:55
   │
79 │         WorkTypes.EpochConfig memory config = _config(120, 1);
   │                                                       ━━━
   │
   ╰ help: https://getfoundry.sh/forge/linting/literal-instead-of-constant

note[literal-instead-of-constant]: this literal appears multiple times in the contract; declare a named constant for it
   ╭▸ test/EndToEnd.t.sol:82:35
   │
82 │         treasury.fundEpoch{value: 120}(config);
   │                                   ━━━
   │
   ╰ help: https://getfoundry.sh/forge/linting/literal-instead-of-constant

note[literal-instead-of-constant]: this literal appears multiple times in the contract; declare a named constant for it
   ╭▸ test/EndToEnd.t.sol:85:71
   │
85 │         WorkTypes.OrderTerms memory aTerms = _terms(epochId, workerA, 30, 0, 1);
   │                                                                       ━━
   │
   ╰ help: https://getfoundry.sh/forge/linting/literal-instead-of-constant

note[literal-instead-of-constant]: this literal appears multiple times in the contract; declare a named constant for it
   ╭▸ test/EndToEnd.t.sol:91:71
   │
91 │         WorkTypes.OrderTerms memory bTerms = _terms(epochId, workerB, 40, 0, 2);
   │                                                                       ━━
   │
   ╰ help: https://getfoundry.sh/forge/linting/literal-instead-of-constant

note[literal-instead-of-constant]: this literal appears multiple times in the contract; declare a named constant for it
   ╭▸ test/EndToEnd.t.sol:97:35
   │
97 │         assertEq(state.available, 50);
   │                                   ━━
   │
   ╰ help: https://getfoundry.sh/forge/linting/literal-instead-of-constant

note[literal-instead-of-constant]: this literal appears multiple times in the contract; declare a named constant for it
    ╭▸ test/EndToEnd.t.sol:111:32
    │
111 │         assertEq(workA.amount, 30);
    │                                ━━
    │
    ╰ help: https://getfoundry.sh/forge/linting/literal-instead-of-constant

note[literal-instead-of-constant]: this literal appears multiple times in the contract; declare a named constant for it
    ╭▸ test/EndToEnd.t.sol:118:58
    │
118 │             abi.encodeCall(source.releaseFree, (epochId, 50, keccak256("authorized free release"))),
    │                                                          ━━
    │
    ╰ help: https://getfoundry.sh/forge/linting/literal-instead-of-constant

note[literal-instead-of-constant]: this literal appears multiple times in the contract; declare a named constant for it
    ╭▸ test/EndToEnd.t.sol:123:32
    │
123 │         assertEq(state.earned, 30);
    │                                ━━
    │
    ╰ help: https://getfoundry.sh/forge/linting/literal-instead-of-constant

note[literal-instead-of-constant]: this literal appears multiple times in the contract; declare a named constant for it
    ╭▸ test/EndToEnd.t.sol:124:34
    │
124 │         assertEq(state.returned, 50);
    │                                  ━━
    │
    ╰ help: https://getfoundry.sh/forge/linting/literal-instead-of-constant

note[literal-instead-of-constant]: this literal appears multiple times in the contract; declare a named constant for it
    ╭▸ test/EndToEnd.t.sol:125:36
    │
125 │         assertEq(state.unresolved, 40);
    │                                    ━━
    │
    ╰ help: https://getfoundry.sh/forge/linting/literal-instead-of-constant

note[literal-instead-of-constant]: this literal appears multiple times in the contract; declare a named constant for it
    ╭▸ test/EndToEnd.t.sol:130:20
    │
130 │             _proof(100, releaseReceipt), releaseCheckpointOrdinal, source.allocationAt(epochId, 1), return50Proof
    │                    ━━━
    │
    ╰ help: https://getfoundry.sh/forge/linting/literal-instead-of-constant

note[literal-instead-of-constant]: this literal appears multiple times in the contract; declare a named constant for it
    ╭▸ test/EndToEnd.t.sol:133:48
    │
133 │         assertEq(treasury.freeBalance(refund), 50);
    │                                                ━━
    │
    ╰ help: https://getfoundry.sh/forge/linting/literal-instead-of-constant

note[literal-instead-of-constant]: this literal appears multiple times in the contract; declare a named constant for it
    ╭▸ test/EndToEnd.t.sol:137:57
    │
137 │         bytes32 mutual = source.mutualDigest(orderB, 0, 25, 1);
    │                                                         ━━
    │
    ╰ help: https://getfoundry.sh/forge/linting/literal-instead-of-constant

note[literal-instead-of-constant]: this literal appears multiple times in the contract; declare a named constant for it
    ╭▸ test/EndToEnd.t.sol:141:63
    │
141 │             abi.encodeCall(source.settleMutually, (orderB, 0, 25, 1, bytes(""), workerBSig)),
    │                                                               ━━
    │
    ╰ help: https://getfoundry.sh/forge/linting/literal-instead-of-constant

note[literal-instead-of-constant]: this literal appears multiple times in the contract; declare a named constant for it
    ╭▸ test/EndToEnd.t.sol:145:32
    │
145 │         assertEq(workB.amount, 25);
    │                                ━━
    │
    ╰ help: https://getfoundry.sh/forge/linting/literal-instead-of-constant

note[literal-instead-of-constant]: this literal appears multiple times in the contract; declare a named constant for it
    ╭▸ test/EndToEnd.t.sol:147:35
    │
147 │         assertEq(state.available, 15);
    │                                   ━━
    │
    ╰ help: https://getfoundry.sh/forge/linting/literal-instead-of-constant

note[literal-instead-of-constant]: this literal appears multiple times in the contract; declare a named constant for it
    ╭▸ test/EndToEnd.t.sol:148:32
    │
148 │         assertEq(state.earned, 55);
    │                                ━━
    │
    ╰ help: https://getfoundry.sh/forge/linting/literal-instead-of-constant

note[literal-instead-of-constant]: this literal appears multiple times in the contract; declare a named constant for it
    ╭▸ test/EndToEnd.t.sol:158:71
    │
158 │         WorkTypes.OrderTerms memory cTerms = _terms(epochId, workerC, 15, 0, 3);
    │                                                                       ━━
    │
    ╰ help: https://getfoundry.sh/forge/linting/literal-instead-of-constant

note[literal-instead-of-constant]: this literal appears multiple times in the contract; declare a named constant for it
    ╭▸ test/EndToEnd.t.sol:158:78
    │
158 │         WorkTypes.OrderTerms memory cTerms = _terms(epochId, workerC, 15, 0, 3);
    │                                                                              ━
    │
    ╰ help: https://getfoundry.sh/forge/linting/literal-instead-of-constant

note[literal-instead-of-constant]: this literal appears multiple times in the contract; declare a named constant for it
    ╭▸ test/EndToEnd.t.sol:179:32
    │
179 │         assertEq(state.earned, 55);
    │                                ━━
    │
    ╰ help: https://getfoundry.sh/forge/linting/literal-instead-of-constant

note[literal-instead-of-constant]: this literal appears multiple times in the contract; declare a named constant for it
    ╭▸ test/EndToEnd.t.sol:180:34
    │
180 │         assertEq(state.returned, 65);
    │                                  ━━
    │
    ╰ help: https://getfoundry.sh/forge/linting/literal-instead-of-constant

note[literal-instead-of-constant]: this literal appears multiple times in the contract; declare a named constant for it
    ╭▸ test/EndToEnd.t.sol:186:64
    │
186 │         bytes32[] memory return15Proof = _sourceProof(epochId, 3);
    │                                                                ━
    │
    ╰ help: https://getfoundry.sh/forge/linting/literal-instead-of-constant

note[literal-instead-of-constant]: this literal appears multiple times in the contract; declare a named constant for it
    ╭▸ test/EndToEnd.t.sol:188:93
    │
188 │             _proof(101, finalReceipt), finalCheckpointOrdinal, source.allocationAt(epochId, 3), return15Proof
    │                                                                                             ━
    │
    ╰ help: https://getfoundry.sh/forge/linting/literal-instead-of-constant

note[literal-instead-of-constant]: this literal appears multiple times in the contract; declare a named constant for it
    ╭▸ test/EndToEnd.t.sol:190:48
    │
190 │         assertEq(treasury.freeBalance(refund), 65);
    │                                                ━━
    │
    ╰ help: https://getfoundry.sh/forge/linting/literal-instead-of-constant

note[literal-instead-of-constant]: this literal appears multiple times in the contract; declare a named constant for it
    ╭▸ test/EndToEnd.t.sol:197:64
    │
197 │         assertEq(treasury.claim(epochId, 1).allocation.amount, 30);
    │                                                                ━━
    │
    ╰ help: https://getfoundry.sh/forge/linting/literal-instead-of-constant

note[literal-instead-of-constant]: this literal appears multiple times in the contract; declare a named constant for it
    ╭▸ test/EndToEnd.t.sol:198:42
    │
198 │         assertEq(treasury.claim(epochId, 3).allocation.amount, 25);
    │                                          ━
    │
    ╰ help: https://getfoundry.sh/forge/linting/literal-instead-of-constant

note[literal-instead-of-constant]: this literal appears multiple times in the contract; declare a named constant for it
    ╭▸ test/EndToEnd.t.sol:198:64
    │
198 │         assertEq(treasury.claim(epochId, 3).allocation.amount, 25);
    │                                                                ━━
    │
    ╰ help: https://getfoundry.sh/forge/linting/literal-instead-of-constant

note[literal-instead-of-constant]: this literal appears multiple times in the contract; declare a named constant for it
    ╭▸ test/EndToEnd.t.sol:201:39
    │
201 │         treasury.withdrawFor(epochId, 3);
    │                                       ━
    │
    ╰ help: https://getfoundry.sh/forge/linting/literal-instead-of-constant

note[literal-instead-of-constant]: this literal appears multiple times in the contract; declare a named constant for it
    ╭▸ test/EndToEnd.t.sol:202:35
    │
202 │         assertEq(workerA.balance, 30);
    │                                   ━━
    │
    ╰ help: https://getfoundry.sh/forge/linting/literal-instead-of-constant

note[literal-instead-of-constant]: this literal appears multiple times in the contract; declare a named constant for it
    ╭▸ test/EndToEnd.t.sol:203:35
    │
203 │         assertEq(workerB.balance, 25);
    │                                   ━━
    │
    ╰ help: https://getfoundry.sh/forge/linting/literal-instead-of-constant

note[literal-instead-of-constant]: this literal appears multiple times in the contract; declare a named constant for it
    ╭▸ test/EndToEnd.t.sol:212:52
    │
212 │         assertEq(treasury.totalCreditedDeposits(), 120);
    │                                                    ━━━
    │
    ╰ help: https://getfoundry.sh/forge/linting/literal-instead-of-constant

note[literal-instead-of-constant]: this literal appears multiple times in the contract; declare a named constant for it
    ╭▸ test/EndToEnd.t.sol:213:81
    │
213 │         assertEq(treasury.liveLiabilities() + treasury.cumulativeWithdrawals(), 120);
    │                                                                                 ━━━
    │
    ╰ help: https://getfoundry.sh/forge/linting/literal-instead-of-constant

note[literal-instead-of-constant]: this literal appears multiple times in the contract; declare a named constant for it
    ╭▸ test/EndToEnd.t.sol:217:55
    │
217 │         WorkTypes.EpochConfig memory config = _config(20, 2);
    │                                                       ━━
    │
    ╰ help: https://getfoundry.sh/forge/linting/literal-instead-of-constant

note[literal-instead-of-constant]: this literal appears multiple times in the contract; declare a named constant for it
    ╭▸ test/EndToEnd.t.sol:220:35
    │
220 │         treasury.fundEpoch{value: 20}(config);
    │                                   ━━
    │
    ╰ help: https://getfoundry.sh/forge/linting/literal-instead-of-constant

note[literal-instead-of-constant]: this literal appears multiple times in the contract; declare a named constant for it
    ╭▸ test/EndToEnd.t.sol:223:70
    │
223 │         WorkTypes.OrderTerms memory terms = _terms(epochId, workerA, 10, 3, 10);
    │                                                                      ━━
    │
    ╰ help: https://getfoundry.sh/forge/linting/literal-instead-of-constant

note[literal-instead-of-constant]: this literal appears multiple times in the contract; declare a named constant for it
    ╭▸ test/EndToEnd.t.sol:223:74
    │
223 │         WorkTypes.OrderTerms memory terms = _terms(epochId, workerA, 10, 3, 10);
    │                                                                          ━
    │
    ╰ help: https://getfoundry.sh/forge/linting/literal-instead-of-constant

note[literal-instead-of-constant]: this literal appears multiple times in the contract; declare a named constant for it
    ╭▸ test/EndToEnd.t.sol:223:77
    │
223 │         WorkTypes.OrderTerms memory terms = _terms(epochId, workerA, 10, 3, 10);
    │                                                                             ━━
    │
    ╰ help: https://getfoundry.sh/forge/linting/literal-instead-of-constant

note[literal-instead-of-constant]: this literal appears multiple times in the contract; declare a named constant for it
    ╭▸ test/EndToEnd.t.sol:238:45
    │
238 │         source.submitRulingVote(orderId, 0, 7, 9, committee1, "");
    │                                             ━
    │
    ╰ help: https://getfoundry.sh/forge/linting/literal-instead-of-constant

note[literal-instead-of-constant]: this literal appears multiple times in the contract; declare a named constant for it
    ╭▸ test/EndToEnd.t.sol:238:48
    │
238 │         source.submitRulingVote(orderId, 0, 7, 9, committee1, "");
    │                                                ━
    │
    ╰ help: https://getfoundry.sh/forge/linting/literal-instead-of-constant

note[literal-instead-of-constant]: this literal appears multiple times in the contract; declare a named constant for it
    ╭▸ test/EndToEnd.t.sol:241:45
    │
241 │         source.submitRulingVote(orderId, 0, 7, 9, committee2, "");
    │                                             ━
    │
    ╰ help: https://getfoundry.sh/forge/linting/literal-instead-of-constant

note[literal-instead-of-constant]: this literal appears multiple times in the contract; declare a named constant for it
    ╭▸ test/EndToEnd.t.sol:241:48
    │
241 │         source.submitRulingVote(orderId, 0, 7, 9, committee2, "");
    │                                                ━
    │
    ╰ help: https://getfoundry.sh/forge/linting/literal-instead-of-constant

note[literal-instead-of-constant]: this literal appears multiple times in the contract; declare a named constant for it
    ╭▸ test/EndToEnd.t.sol:245:32
    │
245 │         assertEq(state.earned, 10);
    │                                ━━
    │
    ╰ help: https://getfoundry.sh/forge/linting/literal-instead-of-constant

note[literal-instead-of-constant]: this literal appears multiple times in the contract; declare a named constant for it
    ╭▸ test/EndToEnd.t.sol:279:57
    │
279 │             initializationCutoff: uint64(block.number + 100),
    │                                                         ━━━
    │
    ╰ help: https://getfoundry.sh/forge/linting/literal-instead-of-constant

note[literal-instead-of-constant]: this literal appears multiple times in the contract; declare a named constant for it
    ╭▸ test/EndToEnd.t.sol:280:52
    │
280 │             admissionCutoff: uint64(block.number + 1_000),
    │                                                    ━━━━━
    │
    ╰ help: https://getfoundry.sh/forge/linting/literal-instead-of-constant

note[literal-instead-of-constant]: this literal appears multiple times in the contract; declare a named constant for it
    ╭▸ test/EndToEnd.t.sol:299:50
    │
299 │             deliverBefore: uint64(block.number + 40),
    │                                                  ━━
    │
    ╰ help: https://getfoundry.sh/forge/linting/literal-instead-of-constant

note[literal-instead-of-constant]: this literal appears multiple times in the contract; declare a named constant for it
    ╭▸ test/EndToEnd.t.sol:312:49
    │
312 │             acceptBefore: uint64(block.number + 20),
    │                                                 ━━
    │
    ╰ help: https://getfoundry.sh/forge/linting/literal-instead-of-constant

note[literal-instead-of-constant]: this literal appears multiple times in the contract; declare a named constant for it
    ╭▸ test/EndToEnd.t.sol:321:49
    │
321 │         address[] memory owners = new address[](3);
    │                                                 ━
    │
    ╰ help: https://getfoundry.sh/forge/linting/literal-instead-of-constant

note[literal-instead-of-constant]: this literal appears multiple times in the contract; declare a named constant for it
    ╭▸ test/EndToEnd.t.sol:400:45
    │
400 │         bytes[] memory chunks = new bytes[](3);
    │                                             ━
    │
    ╰ help: https://getfoundry.sh/forge/linting/literal-instead-of-constant

note[low-level-calls]: Low-level calls should be avoided
    ╭▸ src/WorkTreasury.sol:474:22
    │
474 │         (bool ok,) = payable(destination).call{value: amount}("");
    │                      ━━━━━━━━━━━━━━━━━━━━━━━━━━━━━━━━━━━━━━━━━━━━
    │
    ╰ help: https://getfoundry.sh/forge/linting/low-level-calls

note[low-level-calls]: Low-level calls should be avoided
    ╭▸ src/WorkTreasury.sol:487:22
    │
487 │         (bool ok,) = destination.call{value: amount}("");
    │                      ━━━━━━━━━━━━━━━━━━━━━━━━━━━━━━━━━━━
    │
    ╰ help: https://getfoundry.sh/forge/linting/low-level-calls

warning[arbitrary-send-eth]: ETH is sent to a user-controlled destination; restrict the destination or the caller
   ╭▸ test/EndToEnd.t.sol:82:9
   │
82 │         treasury.fundEpoch{value: 120}(config);
   │         ━━━━━━━━━━━━━━━━━━━━━━━━━━━━━━━━━━━━━━
   │
   ╰ help: https://getfoundry.sh/forge/linting/arbitrary-send-eth

warning[uninitialized-local]: local variable is read before being initialized
   ╭▸ src/AllocationTree.sol:34:29
   │
34 │         for (uint256 level; level < WorkTypes.TREE_DEPTH; ++level) {
   │                             ━━━━━
   │
   ╰ help: https://getfoundry.sh/forge/linting/uninitialized-local

warning[uninitialized-local]: local variable is read before being initialized
   ╭▸ src/AllocationTree.sol:58:29
   │
58 │         for (uint256 level; level < WorkTypes.TREE_DEPTH; ++level) {
   │                             ━━━━━
   │
   ╰ help: https://getfoundry.sh/forge/linting/uninitialized-local

note[low-level-calls]: Low-level calls should be avoided
   ╭▸ src/SourceSignatureLib.sol:87:46
   │
87 │               (bool ok, bytes memory result) = signer.staticcall(
   │ ┏━━━━━━━━━━━━━━━━━━━━━━━━━━━━━━━━━━━━━━━━━━━━━━┛
88 │ ┃                 abi.encodeWithSelector(EIP1271_MAGIC, digest, signature)
89 │ ┃             );
   │ ┗━━━━━━━━━━━━━┛
   │
   ╰ help: https://getfoundry.sh/forge/linting/low-level-calls

note[inline-assembly]: inline assembly used; review for memory safety and side effects
   ╭▸ src/SourceSignatureLib.sol:97:9
   │
97 │         assembly {
   │         ━━━━━━━━
   │
   ╰ help: https://getfoundry.sh/forge/linting/inline-assembly

note[literal-instead-of-constant]: this literal appears multiple times in the contract; declare a named constant for it
   ╭▸ src/SourceSignatureLib.sol:90:40
   │
90 │             if (!ok || result.length < 32 || bytes4(result) != EIP1271_MAGIC) revert InvalidSignature();
   │                                        ━━
   │
   ╰ help: https://getfoundry.sh/forge/linting/literal-instead-of-constant

note[literal-instead-of-constant]: this literal appears multiple times in the contract; declare a named constant for it
   ╭▸ src/SourceSignatureLib.sol:98:39
   │
98 │             r := mload(add(signature, 32))
   │                                       ━━
   │
   ╰ help: https://getfoundry.sh/forge/linting/literal-instead-of-constant

note[asm-keccak256]: use of inefficient hashing mechanism; consider using inline assembly
   ╭▸ src/SourceSignatureLib.sol:29:16
   │
29 │           return keccak256(abi.encode(
   │ ┏━━━━━━━━━━━━━━━━┛
30 │ ┃             EIP712_DOMAIN_TYPEHASH, NAME_HASH, VERSION_HASH, block.chainid, coordinator
31 │ ┃         ));
   │ ┗━━━━━━━━━━┛
   │
   ╰ help: https://getfoundry.sh/forge/linting/asm-keccak256

note[asm-keccak256]: use of inefficient hashing mechanism; consider using inline assembly
   ╭▸ src/SourceSignatureLib.sol:35:16
   │
35 │         return keccak256(abi.encodePacked(hex"1901", domainSeparator(coordinator), structHash));
   │                ━━━━━━━━━━━━━━━━━━━━━━━━━━━━━━━━━━━━━━━━━━━━━━━━━━━━━━━━━━━━━━━━━━━━━━━━━━━━━━━━
   │
   ╰ help: https://getfoundry.sh/forge/linting/asm-keccak256

note[asm-keccak256]: use of inefficient hashing mechanism; consider using inline assembly
    ╭▸ src/WorkTreasury.sol:179:16
    │
179 │         return keccak256(abi.encode(epochId_, allocationId_));
    │                ━━━━━━━━━━━━━━━━━━━━━━━━━━━━━━━━━━━━━━━━━━━━━━
    │
    ╰ help: https://getfoundry.sh/forge/linting/asm-keccak256

note[asm-keccak256]: use of inefficient hashing mechanism; consider using inline assembly
    ╭▸ src/WorkTreasury.sol:208:16
    │
208 │         return keccak256(abi.encode(SELECTED_LOG_TYPEHASH, authenticationId_, receiptLogOrdinal, SOURCE_COORDINATOR));
    │                ━━━━━━━━━━━━━━━━━━━━━━━━━━━━━━━━━━━━━━━━━━━━━━━━━━━━━━━━━━━━━━━━━━━━━━━━━━━━━━━━━━━━━━━━━━━━━━━━━━━━━━
    │
    ╰ help: https://getfoundry.sh/forge/linting/asm-keccak256

warning[unsafe-typecast]: typecasts that can truncate values should be checked
   ╭▸ src/SourceSignatureLib.sol:90:46
   │
90 │             if (!ok || result.length < 32 || bytes4(result) != EIP1271_MAGIC) revert InvalidSignature();
   │                                              ━━━━━━━━━━━━━━
   │
   ├ note: consider disabling this lint if you're certain the cast is safe
   │       
   │       // casting to 'bytes4' is safe because [explain why]
   │       // forge-lint: disable-next-line(unsafe-typecast)
   │       
   │       
   ╰ help: https://getfoundry.sh/forge/linting/unsafe-typecast

warning[reentrancy-events]: event emitted after an external call; reentrancy can reorder or fabricate logs that off-chain consumers rely on
    ╭▸ src/WorkTreasury.sol:372:9
    │
372 │ ┏         emit CheckpointImported(
373 │ ┃             checkpointId_, c.epochId, c.root, c.leafCount, c.earned, c.returned, c.phase, authId, receiptLogOrdinal
374 │ ┃         );
    │ ┗━━━━━━━━━━┛
    │
    ╰ help: https://getfoundry.sh/forge/linting/reentrancy-events

warning[reentrancy-events]: event emitted after an external call; reentrancy can reorder or fabricate logs that off-chain consumers rely on
    ╭▸ src/WorkTreasury.sol:442:9
    │
442 │ ┏         emit AllocationRecognized(
443 │ ┃             allocation.epochId,
444 │ ┃             allocation.allocationId,
445 │ ┃             id,
    ‡ ┃
450 │ ┃             AllocationCodec.leafHash(allocation)
451 │ ┃         );
    │ ┗━━━━━━━━━━┛
    │
    ╰ help: https://getfoundry.sh/forge/linting/reentrancy-events

warning[reentrancy-eth]: uncapped ETH transfer can be reentered before `_status` is updated
    ╭▸ src/WorkTreasury.sol:474:22
    │
474 │         (bool ok,) = payable(destination).call{value: amount}("");
    │                      ━━━━━━━━━━━━━━━━━━━━━━━━━━━━━━━━━━━━━━━━━━━━
    │
    ╰ help: https://getfoundry.sh/forge/linting/reentrancy-eth

warning[reentrancy-eth]: uncapped ETH transfer can be reentered before `_status` is updated
    ╭▸ src/WorkTreasury.sol:487:22
    │
487 │         (bool ok,) = destination.call{value: amount}("");
    │                      ━━━━━━━━━━━━━━━━━━━━━━━━━━━━━━━━━━━
    │
    ╰ help: https://getfoundry.sh/forge/linting/reentrancy-eth

warning[arbitrary-send-eth]: ETH is sent to a user-controlled destination; restrict the destination or the caller
    ╭▸ src/WorkTreasury.sol:474:22
    │
474 │         (bool ok,) = payable(destination).call{value: amount}("");
    │                      ━━━━━━━━━━━━━━━━━━━━━━━━━━━━━━━━━━━━━━━━━━━━
    │
    ╰ help: https://getfoundry.sh/forge/linting/arbitrary-send-eth

warning[arbitrary-send-eth]: ETH is sent to a user-controlled destination; restrict the destination or the caller
    ╭▸ src/WorkTreasury.sol:487:22
    │
487 │         (bool ok,) = destination.call{value: amount}("");
    │                      ━━━━━━━━━━━━━━━━━━━━━━━━━━━━━━━━━━━
    │
    ╰ help: https://getfoundry.sh/forge/linting/arbitrary-send-eth

note[asm-keccak256]: use of inefficient hashing mechanism; consider using inline assembly
    ╭▸ src/WorkTypes.sol:100:16
    │
100 │         return keccak256(abi.encode(EPOCH_TYPEHASH, c));
    │                ━━━━━━━━━━━━━━━━━━━━━━━━━━━━━━━━━━━━━━━━
    │
    ╰ help: https://getfoundry.sh/forge/linting/asm-keccak256

note[asm-keccak256]: use of inefficient hashing mechanism; consider using inline assembly
    ╭▸ src/WorkTypes.sol:104:16
    │
104 │         return keccak256(abi.encode(MILESTONE_TYPEHASH, m));
    │                ━━━━━━━━━━━━━━━━━━━━━━━━━━━━━━━━━━━━━━━━━━━━
    │
    ╰ help: https://getfoundry.sh/forge/linting/asm-keccak256

warning[uninitialized-local]: local variable is read before being initialized
    ╭▸ src/WorkTypes.sol:109:25
    │
109 │         for (uint256 i; i < hashes.length; ++i) hashes[i] = milestoneHash(t.milestones[i]);
    │                         ━
    │
    ╰ help: https://getfoundry.sh/forge/linting/uninitialized-local

note[asm-keccak256]: use of inefficient hashing mechanism; consider using inline assembly
    ╭▸ src/WorkTypes.sol:111:16
    │
111 │           return keccak256(abi.encode(ORDER_TYPEHASH, t.epochId, t.termsHash, t.worker, t.claimOwner,
    │ ┏━━━━━━━━━━━━━━━━┛
112 │ ┃             t.destination, t.feeOwner, t.feeDestination, keccak256(abi.encode(t.committee)),
113 │ ┃             t.acceptBefore, t.nonce, keccak256(abi.encode(hashes))));
    │ ┗━━━━━━━━━━━━━━━━━━━━━━━━━━━━━━━━━━━━━━━━━━━━━━━━━━━━━━━━━━━━━━━━━━━━┛
    │
    ╰ help: https://getfoundry.sh/forge/linting/asm-keccak256

note[unsafe-cheatcode]: usage of unsafe cheatcodes that can perform dangerous operations
   ╭▸ test/WorkAuthorizationConformance.t.sol:11:33
   │
11 │         string memory json = vm.readFile("schema/work-authorization-v1-vectors.json");
   │                                 ━━━━━━━━
   │
   ╰ help: https://getfoundry.sh/forge/linting/unsafe-cheatcode

note[unsafe-cheatcode]: usage of unsafe cheatcodes that can perform dangerous operations
   ╭▸ test/WorkAuthorizationConformance.t.sol:12:40
   │
12 │         string memory conformance = vm.readFile("schema/work-authorization-conformance-v1.json");
   │                                        ━━━━━━━━
   │
   ╰ help: https://getfoundry.sh/forge/linting/unsafe-cheatcode

warning[uninitialized-local]: local variable is read before being initialized
   ╭▸ test/WorkAuthorizationConformance.t.sol:55:25
   │
55 │         for (uint256 i; i < milestones.length; ++i) milestones[i] = WorkTypes.milestoneHash(t.milestones[i]);
   │                         ━
   │
   ╰ help: https://getfoundry.sh/forge/linting/uninitialized-local

warning[unsafe-typecast]: typecasts that can truncate values should be checked
   ╭▸ test/WorkAuthorizationConformance.t.sol:81:13
   │
81 │ …     uint8(vm.parseJsonUint(json, ".authorization.sourceCapacity.phase")), _decimal(json, ".authorization.sourceCapacity.available"),
   │       ━━━━━━━━━━━━━━━━━━━━━━━━━━━━━━━━━━━━━━━━━━━━━━━━━━━━━━━━━━━━━━━━━━━━
   │
   ├ note: consider disabling this lint if you're certain the cast is safe
   │       
   │       // casting to 'uint8' is safe because [explain why]
   │       // forge-lint: disable-next-line(unsafe-typecast)
   │       
   │       
   ╰ help: https://getfoundry.sh/forge/linting/unsafe-typecast

warning[unsafe-typecast]: typecasts that can truncate values should be checked
   ╭▸ test/WorkAuthorizationConformance.t.sol:82:13
   │
82 │             uint32(vm.parseJsonUint(json, ".authorization.sourceCapacity.reservations")),
   │             ━━━━━━━━━━━━━━━━━━━━━━━━━━━━━━━━━━━━━━━━━━━━━━━━━━━━━━━━━━━━━━━━━━━━━━━━━━━━
   │
   ├ note: consider disabling this lint if you're certain the cast is safe
   │       
   │       // casting to 'uint32' is safe because [explain why]
   │       // forge-lint: disable-next-line(unsafe-typecast)
   │       
   │       
   ╰ help: https://getfoundry.sh/forge/linting/unsafe-typecast

warning[unsafe-typecast]: typecasts that can truncate values should be checked
   ╭▸ test/WorkAuthorizationConformance.t.sol:83:13
   │
83 │             uint32(vm.parseJsonUint(json, ".authorization.sourceCapacity.remainingMilestoneAdmissions")),
   │             ━━━━━━━━━━━━━━━━━━━━━━━━━━━━━━━━━━━━━━━━━━━━━━━━━━━━━━━━━━━━━━━━━━━━━━━━━━━━━━━━━━━━━━━━━━━━
   │
   ├ note: consider disabling this lint if you're certain the cast is safe
   │       
   │       // casting to 'uint32' is safe because [explain why]
   │       // forge-lint: disable-next-line(unsafe-typecast)
   │       
   │       
   ╰ help: https://getfoundry.sh/forge/linting/unsafe-typecast

warning[uninitialized-local]: local variable is read before being initialized
   ╭▸ src/SourcePolicyV1Lib.sol:30:25
   │
30 │         for (uint256 i; i < count; ++i) {
   │                         ━
   │
   ╰ help: https://getfoundry.sh/forge/linting/uninitialized-local

warning[require-revert-in-loop]: `require` or `revert` inside a loop
   ╭▸ src/SourcePolicyV1Lib.sol:33:89
   │
33 │                 || m.deliverBefore >= m.reviewBefore || m.reviewBefore >= m.ruleBefore) revert InvalidDeadline();
   │                                                                                         ━━━━━━━━━━━━━━━━━━━━━━━━━
   │
   ╰ help: https://getfoundry.sh/forge/linting/require-revert-in-loop

warning[uninitialized-local]: local variable is read before being initialized
    ╭▸ src/SourceCoordinator.sol:231:24
    │
231 │         for (uint32 i; i < o.milestoneCount; ++i) {
    │                        ━
    │
    ╰ help: https://getfoundry.sh/forge/linting/uninitialized-local

warning[require-revert-in-loop]: `require` or `revert` inside a loop
    ╭▸ src/SourceCoordinator.sol:233:48
    │
233 │             if (m.status != MILESTONE_PENDING) revert InvalidState();
    │                                                ━━━━━━━━━━━━━━━━━━━━━━
    │
    ╰ help: https://getfoundry.sh/forge/linting/require-revert-in-loop

warning[unused-return]: Return value of an external call is not used
   ╭▸ test/Performance.t.sol:98:9
   │
98 │         source.initializeEpoch(config);
   │         ━━━━━━━━━━━━━━━━━━━━━━━━━━━━━━
   │
   ╰ help: https://getfoundry.sh/forge/linting/unused-return

warning[uninitialized-local]: local variable is read before being initialized
    ╭▸ src/NativeReceiptAuth.sol:137:25
    │
137 │         for (uint256 i; i < count; ++i) {
    │                         ━
    │
    ╰ help: https://getfoundry.sh/forge/linting/uninitialized-local

warning[calls-loop]: external call inside a loop
    ╭▸ src/NativeReceiptAuth.sol:139:65
    │
139 │                 blockHeight: blockHeights[i], transactionIndex: VERIFIER.calculateTxIndex(merkleProofs[i])
    │                                                                 ━━━━━━━━━━━━━━━━━━━━━━━━━━━━━━━━━━━━━━━━━━
    │
    ╰ help: https://getfoundry.sh/forge/linting/calls-loop

warning[uninitialized-local]: local variable is read before being initialized
    ╭▸ src/NativeReceiptAuth.sol:156:25
    │
156 │         for (uint256 i; i < count; ++i) {
    │                         ━
    │
    ╰ help: https://getfoundry.sh/forge/linting/uninitialized-local

warning[calls-loop]: external call inside a loop
    ╭▸ src/NativeReceiptAuth.sol:107:14
    │
107 │           if (!VERIFIER.verifyAndEmit(
    │ ┏━━━━━━━━━━━━━━┛
108 │ ┃                 SOURCE_CHAIN_KEY, proof.blockHeight, proof.encodedTransaction, proof.merkleProof, proof.continuityProof
109 │ ┃             )) revert ProofVerificationFailed();
    │ ┗━━━━━━━━━━━━━┛
    │
    ╰ help: https://getfoundry.sh/forge/linting/calls-loop

warning[calls-loop]: external call inside a loop
    ╭▸ src/NativeReceiptAuth.sol:112:63
    │
112 │             blockHeight: proof.blockHeight, transactionIndex: VERIFIER.calculateTxIndex(proof.merkleProof)
    │                                                               ━━━━━━━━━━━━━━━━━━━━━━━━━━━━━━━━━━━━━━━━━━━━
    │
    ╰ help: https://getfoundry.sh/forge/linting/calls-loop

warning[require-revert-in-loop]: `require` or `revert` inside a loop
    ╭▸ src/NativeReceiptAuth.sol:109:16
    │
109 │             )) revert ProofVerificationFailed();
    │                ━━━━━━━━━━━━━━━━━━━━━━━━━━━━━━━━━
    │
    ╰ help: https://getfoundry.sh/forge/linting/require-revert-in-loop

note[asm-keccak256]: use of inefficient hashing mechanism; consider using inline assembly
    ╭▸ src/NativeReceiptAuth.sol:183:26
    │
183 │         bytes32 txHash = keccak256(encodedTransaction);
    │                          ━━━━━━━━━━━━━━━━━━━━━━━━━━━━━
    │
    ╰ help: https://getfoundry.sh/forge/linting/asm-keccak256

note[asm-keccak256]: use of inefficient hashing mechanism; consider using inline assembly
   ╭▸ src/SourcePolicyV1Lib.sol:45:16
   │
45 │           return keccak256(abi.encode(
   │ ┏━━━━━━━━━━━━━━━━┛
46 │ ┃             DECISION_TYPEHASH, outcome, workAmount, feeAmount, stateVersion, proposalNonce
47 │ ┃         ));
   │ ┗━━━━━━━━━━┛
   │
   ╰ help: https://getfoundry.sh/forge/linting/asm-keccak256

note[unsafe-cheatcode]: usage of unsafe cheatcodes that can perform dangerous operations
   ╭▸ test/AllocationTree.t.sol:74:31
   │
74 │         string memory json=vm.readFile("schema/schema-v1-vectors.json");
   │                               ━━━━━━━━
   │
   ╰ help: https://getfoundry.sh/forge/linting/unsafe-cheatcode

note[unsafe-cheatcode]: usage of unsafe cheatcodes that can perform dangerous operations
   ╭▸ test/AllocationTree.t.sol:98:31
   │
98 │         string memory json=vm.readFile("schema/schema-v1-vectors.json");
   │                               ━━━━━━━━
   │
   ╰ help: https://getfoundry.sh/forge/linting/unsafe-cheatcode

note[asm-keccak256]: use of inefficient hashing mechanism; consider using inline assembly
   ╭▸ src/AllocationCodec.sol:18:16
   │
18 │         return keccak256(abi.encode(LEAF_TYPEHASH, a));
   │                ━━━━━━━━━━━━━━━━━━━━━━━━━━━━━━━━━━━━━━━
   │
   ╰ help: https://getfoundry.sh/forge/linting/asm-keccak256

note[multi-contract-file]: prefer having only one contract, interface or library per file
   ╭▸ test/safe/ISafe.sol:10:11
   │
10 │ interface ISafe {
   │           ━━━━━
   │
   ╰ help: https://getfoundry.sh/forge/linting/multi-contract-file

warning[uninitialized-local]: local variable is read before being initialized
    ╭▸ test/Performance.t.sol:155:25
    │
155 │         for (uint256 i; i < counts.length; ++i) {
    │                         ━
    │
    ╰ help: https://getfoundry.sh/forge/linting/uninitialized-local

warning[calls-loop]: external call inside a loop
    ╭▸ test/Performance.t.sol:209:31
    │
209 │         WorkTreasury target = new WorkTreasury(block.chainid, 1, address(source));
    │                               ━━━━━━━━━━━━━━━━━━━━━━━━━━━━━━━━━━━━━━━━━━━━━━━━━━━
    │
    ╰ help: https://getfoundry.sh/forge/linting/calls-loop

warning[calls-loop]: external call inside a loop
    ╭▸ test/Performance.t.sol:211:9
    │
211 │         vm.prank(sponsor);
    │         ━━━━━━━━━━━━━━━━━
    │
    ╰ help: https://getfoundry.sh/forge/linting/calls-loop

warning[calls-loop]: external call inside a loop
    ╭▸ test/Performance.t.sol:212:27
    │
212 │         bytes32 epochId = target.fundEpoch{value: count}(config);
    │                           ━━━━━━━━━━━━━━━━━━━━━━━━━━━━━━━━━━━━━━
    │
    ╰ help: https://getfoundry.sh/forge/linting/calls-loop

warning[calls-loop]: external call inside a loop
    ╭▸ test/Performance.t.sol:349:23
    │
349 │         allocations = new WorkTypes.Allocation[](count);
    │                       ━━━━━━━━━━━━━━━━━━━━━━━━━━━━━━━━━
    │
    ╰ help: https://getfoundry.sh/forge/linting/calls-loop

warning[calls-loop]: external call inside a loop
    ╭▸ test/Performance.t.sol:401:17
    │
401 │         nodes = new bytes32[](WorkTypes.TREE_CAPACITY);
    │                 ━━━━━━━━━━━━━━━━━━━━━━━━━━━━━━━━━━━━━━
    │
    ╰ help: https://getfoundry.sh/forge/linting/calls-loop

warning[calls-loop]: external call inside a loop
    ╭▸ test/Performance.t.sol:222:62
    │
222 │         EvmV1Decoder.LogEntryTuple[] memory checkpointLogs = new EvmV1Decoder.LogEntryTuple[](1);
    │                                                              ━━━━━━━━━━━━━━━━━━━━━━━━━━━━━━━━━━━
    │
    ╰ help: https://getfoundry.sh/forge/linting/calls-loop

warning[calls-loop]: external call inside a loop
    ╭▸ test/Performance.t.sol:438:35
    │
438 │         bytes32[] memory topics = new bytes32[](2);
    │                                   ━━━━━━━━━━━━━━━━
    │
    ╰ help: https://getfoundry.sh/forge/linting/calls-loop

warning[calls-loop]: external call inside a loop
    ╭▸ test/Performance.t.sol:451:33
    │
451 │         bytes[] memory chunks = new bytes[](3);
    │                                 ━━━━━━━━━━━━━━
    │
    ╰ help: https://getfoundry.sh/forge/linting/calls-loop

warning[calls-loop]: external call inside a loop
    ╭▸ test/Performance.t.sol:226:13
    │
226 │             target.authenticateTransaction(_proof(uint64(1_000 + nonce), receipt));
    │             ━━━━━━━━━━━━━━━━━━━━━━━━━━━━━━━━━━━━━━━━━━━━━━━━━━━━━━━━━━━━━━━━━━━━━━
    │
    ╰ help: https://getfoundry.sh/forge/linting/calls-loop

warning[calls-loop]: external call inside a loop
    ╭▸ test/Performance.t.sol:227:32
    │
227 │         bytes32 checkpointId = target.importCheckpoint(position, receipt, 0);
    │                                ━━━━━━━━━━━━━━━━━━━━━━━━━━━━━━━━━━━━━━━━━━━━━
    │
    ╰ help: https://getfoundry.sh/forge/linting/calls-loop

warning[calls-loop]: external call inside a loop
    ╭▸ test/Performance.t.sol:228:37
    │
228 │         bytes32[][] memory proofs = new bytes32[][](count);
    │                                     ━━━━━━━━━━━━━━━━━━━━━━
    │
    ╰ help: https://getfoundry.sh/forge/linting/calls-loop

warning[calls-loop]: external call inside a loop
    ╭▸ test/Performance.t.sol:387:20
    │
387 │         siblings = new bytes32[](WorkTypes.TREE_DEPTH);
    │                    ━━━━━━━━━━━━━━━━━━━━━━━━━━━━━━━━━━━
    │
    ╰ help: https://getfoundry.sh/forge/linting/calls-loop

warning[calls-loop]: external call inside a loop
    ╭▸ test/Performance.t.sol:235:13
    │
235 │             target.recognizeFromCheckpoint(checkpointId, allocations[i], proofs[i]);
    │             ━━━━━━━━━━━━━━━━━━━━━━━━━━━━━━━━━━━━━━━━━━━━━━━━━━━━━━━━━━━━━━━━━━━━━━━
    │
    ╰ help: https://getfoundry.sh/forge/linting/calls-loop

warning[calls-loop]: external call inside a loop
    ╭▸ test/Performance.t.sol:238:18
    │
238 │         assertEq(target.epochAccount(epochId).recognized, count);
    │                  ━━━━━━━━━━━━━━━━━━━━━━━━━━━━
    │
    ╰ help: https://getfoundry.sh/forge/linting/calls-loop

warning[calls-loop]: external call inside a loop
    ╭▸ test/Performance.t.sol:245:31
    │
245 │         WorkTreasury target = new WorkTreasury(block.chainid, 1, address(source));
    │                               ━━━━━━━━━━━━━━━━━━━━━━━━━━━━━━━━━━━━━━━━━━━━━━━━━━━
    │
    ╰ help: https://getfoundry.sh/forge/linting/calls-loop

warning[calls-loop]: external call inside a loop
    ╭▸ test/Performance.t.sol:247:9
    │
247 │         vm.prank(sponsor);
    │         ━━━━━━━━━━━━━━━━━
    │
    ╰ help: https://getfoundry.sh/forge/linting/calls-loop

warning[calls-loop]: external call inside a loop
    ╭▸ test/Performance.t.sol:248:27
    │
248 │         bytes32 epochId = target.fundEpoch{value: count}(config);
    │                           ━━━━━━━━━━━━━━━━━━━━━━━━━━━━━━━━━━━━━━
    │
    ╰ help: https://getfoundry.sh/forge/linting/calls-loop

warning[calls-loop]: external call inside a loop
    ╭▸ test/Performance.t.sol:250:62
    │
250 │         EvmV1Decoder.LogEntryTuple[] memory allocationLogs = new EvmV1Decoder.LogEntryTuple[](count);
    │                                                              ━━━━━━━━━━━━━━━━━━━━━━━━━━━━━━━━━━━━━━━
    │
    ╰ help: https://getfoundry.sh/forge/linting/calls-loop

warning[calls-loop]: external call inside a loop
    ╭▸ test/Performance.t.sol:413:35
    │
413 │         bytes32[] memory topics = new bytes32[](3);
    │                                   ━━━━━━━━━━━━━━━━
    │
    ╰ help: https://getfoundry.sh/forge/linting/calls-loop

warning[calls-loop]: external call inside a loop
    ╭▸ test/Performance.t.sol:256:13
    │
256 │             target.authenticateTransaction(_proof(uint64(2_000 + nonce), receipt));
    │             ━━━━━━━━━━━━━━━━━━━━━━━━━━━━━━━━━━━━━━━━━━━━━━━━━━━━━━━━━━━━━━━━━━━━━━
    │
    ╰ help: https://getfoundry.sh/forge/linting/calls-loop

warning[calls-loop]: external call inside a loop
    ╭▸ test/Performance.t.sol:260:13
    │
260 │             target.recognizeFromReceipt(position, receipt, i);
    │             ━━━━━━━━━━━━━━━━━━━━━━━━━━━━━━━━━━━━━━━━━━━━━━━━━
    │
    ╰ help: https://getfoundry.sh/forge/linting/calls-loop

warning[calls-loop]: external call inside a loop
    ╭▸ test/Performance.t.sol:263:18
    │
263 │         assertEq(target.epochAccount(epochId).recognized, count);
    │                  ━━━━━━━━━━━━━━━━━━━━━━━━━━━━
    │
    ╰ help: https://getfoundry.sh/forge/linting/calls-loop

note[literal-instead-of-constant]: this literal appears multiple times in the contract; declare a named constant for it
   ╭▸ test/AdversarialIntegration.t.sol:55:42
   │
55 │         (bytes32 epochId,) = _initialize(200, 1, false);
   │                                          ━━━
   │
   ╰ help: https://getfoundry.sh/forge/linting/literal-instead-of-constant

note[literal-instead-of-constant]: this literal appears multiple times in the contract; declare a named constant for it
   ╭▸ test/AdversarialIntegration.t.sol:57:66
   │
57 │         WorkTypes.OrderTerms memory pending = _terms(epochId, 1, 10, 1, 4);
   │                                                                  ━━
   │
   ╰ help: https://getfoundry.sh/forge/linting/literal-instead-of-constant

note[literal-instead-of-constant]: this literal appears multiple times in the contract; declare a named constant for it
   ╭▸ test/AdversarialIntegration.t.sol:57:73
   │
57 │         WorkTypes.OrderTerms memory pending = _terms(epochId, 1, 10, 1, 4);
   │                                                                         ━
   │
   ╰ help: https://getfoundry.sh/forge/linting/literal-instead-of-constant

note[literal-instead-of-constant]: this literal appears multiple times in the contract; declare a named constant for it
   ╭▸ test/AdversarialIntegration.t.sol:67:69
   │
67 │         WorkTypes.OrderTerms memory noDelivery = _terms(epochId, 2, 10, 1, 4);
   │                                                                     ━━
   │
   ╰ help: https://getfoundry.sh/forge/linting/literal-instead-of-constant

note[literal-instead-of-constant]: this literal appears multiple times in the contract; declare a named constant for it
   ╭▸ test/AdversarialIntegration.t.sol:67:76
   │
67 │         WorkTypes.OrderTerms memory noDelivery = _terms(epochId, 2, 10, 1, 4);
   │                                                                            ━
   │
   ╰ help: https://getfoundry.sh/forge/linting/literal-instead-of-constant

note[literal-instead-of-constant]: this literal appears multiple times in the contract; declare a named constant for it
   ╭▸ test/AdversarialIntegration.t.sol:74:61
   │
74 │         assertEq(source.milestone(noDeliveryId, 0).outcome, 3);
   │                                                             ━
   │
   ╰ help: https://getfoundry.sh/forge/linting/literal-instead-of-constant

note[literal-instead-of-constant]: this literal appears multiple times in the contract; declare a named constant for it
   ╭▸ test/AdversarialIntegration.t.sol:76:65
   │
76 │         WorkTypes.OrderTerms memory monitored = _terms(epochId, 3, 10, 1, 4);
   │                                                                 ━
   │
   ╰ help: https://getfoundry.sh/forge/linting/literal-instead-of-constant

warning[unsafe-typecast]: typecasts that can truncate values should be checked
    ╭▸ test/Performance.t.sol:156:81
    │
156 │             uint256 checkpointGas = _measureCheckpointClaims(source, counts[i], uint64(100 + i));
    │                                                                                 ━━━━━━━━━━━━━━━
    │
    ├ note: consider disabling this lint if you're certain the cast is safe
    │       
    │       // casting to 'uint64' is safe because [explain why]
    │       // forge-lint: disable-next-line(unsafe-typecast)
    │       
    │       
    ╰ help: https://getfoundry.sh/forge/linting/unsafe-typecast

warning[unsafe-typecast]: typecasts that can truncate values should be checked
    ╭▸ test/Performance.t.sol:157:75
    │
157 │             uint256 receiptGas = _measureReceiptClaims(source, counts[i], uint64(200 + i));
    │                                                                           ━━━━━━━━━━━━━━━
    │
    ├ note: consider disabling this lint if you're certain the cast is safe
    │       
    │       // casting to 'uint64' is safe because [explain why]
    │       // forge-lint: disable-next-line(unsafe-typecast)
    │       
    │       
    ╰ help: https://getfoundry.sh/forge/linting/unsafe-typecast

warning[uninitialized-local]: local variable is read before being initialized
    ╭▸ test/Performance.t.sol:176:24
    │
176 │         for (uint32 i; i < 31; ++i) {
    │                        ━
    │
    ╰ help: https://getfoundry.sh/forge/linting/uninitialized-local

warning[calls-loop]: external call inside a loop
    ╭▸ test/Performance.t.sol:177:13
    │
177 │             vm.prank(worker);
    │             ━━━━━━━━━━━━━━━━
    │
    ╰ help: https://getfoundry.sh/forge/linting/calls-loop

warning[calls-loop]: external call inside a loop
    ╭▸ test/Performance.t.sol:178:13
    │
178 │             source.deliver(prefixId, i, keccak256(abi.encode("prefix delivery", i)));
    │             ━━━━━━━━━━━━━━━━━━━━━━━━━━━━━━━━━━━━━━━━━━━━━━━━━━━━━━━━━━━━━━━━━━━━━━━━
    │
    ╰ help: https://getfoundry.sh/forge/linting/calls-loop

warning[calls-loop]: external call inside a loop
    ╭▸ test/Performance.t.sol:179:56
    │
179 │             SourceCoordinator.MilestoneData memory m = source.milestone(prefixId, i);
    │                                                        ━━━━━━━━━━━━━━━━━━━━━━━━━━━━━
    │
    ╰ help: https://getfoundry.sh/forge/linting/calls-loop

warning[calls-loop]: external call inside a loop
    ╭▸ test/Performance.t.sol:180:13
    │
180 │             vm.prank(buyer);
    │             ━━━━━━━━━━━━━━━
    │
    ╰ help: https://getfoundry.sh/forge/linting/calls-loop

warning[calls-loop]: external call inside a loop
    ╭▸ test/Performance.t.sol:181:13
    │
181 │             source.approve(prefixId, i, m.deliveryHash, m.stateVersion);
    │             ━━━━━━━━━━━━━━━━━━━━━━━━━━━━━━━━━━━━━━━━━━━━━━━━━━━━━━━━━━━
    │
    ╰ help: https://getfoundry.sh/forge/linting/calls-loop

note[multi-contract-file]: prefer having only one contract, interface or library per file
   ╭▸ test/safe/ISafe.sol:72:11
   │
72 │ interface ISafeProxyFactory {
   │           ━━━━━━━━━━━━━━━━━
   │
   ╰ help: https://getfoundry.sh/forge/linting/multi-contract-file

note[low-level-calls]: Low-level calls should be avoided
   ╭▸ test/SourceCoordinator.t.sol:21:44
   │
21 │         (bool ok, bytes memory returned) = target.call(data);
   │                                            ━━━━━━━━━━━━━━━━━
   │
   ╰ help: https://getfoundry.sh/forge/linting/low-level-calls

note[inline-assembly]: inline assembly used; review for memory safety and side effects
   ╭▸ test/SourceCoordinator.t.sol:22:18
   │
22 │         if (!ok) assembly { revert(add(returned, 32), mload(returned)) }
   │                  ━━━━━━━━
   │
   ╰ help: https://getfoundry.sh/forge/linting/inline-assembly

warning[unused-return]: Return value of an external call is not used
    ╭▸ test/Performance.t.sol:169:9
    │
169 │         source.initializeEpoch(config);
    │         ━━━━━━━━━━━━━━━━━━━━━━━━━━━━━━
    │
    ╰ help: https://getfoundry.sh/forge/linting/unused-return

note[multi-contract-file]: prefer having only one contract, interface or library per file
   ╭▸ test/SourceCoordinator.t.sol:10:10
   │
10 │ contract Mock1271Signer {
   │          ━━━━━━━━━━━━━━
   │
   ╰ help: https://getfoundry.sh/forge/linting/multi-contract-file

note[multi-contract-file]: prefer having only one contract, interface or library per file
   ╭▸ test/SourceCoordinator.t.sol:27:10
   │
27 │ contract SourceCoordinatorTest is Test {
   │          ━━━━━━━━━━━━━━━━━━━━━
   │
   ╰ help: https://getfoundry.sh/forge/linting/multi-contract-file

warning[missing-zero-check]: address parameter is used in a state write or value transfer without a zero-address check
   ╭▸ test/SourceCoordinator.t.sol:20:22
   │
20 │     function execute(address target, bytes calldata data) external returns (bytes memory result) {
   │                      ━━━━━━━━━━━━━━
   │
   ╰ help: https://getfoundry.sh/forge/linting/missing-zero-check

note[literal-instead-of-constant]: this literal appears multiple times in the contract; declare a named constant for it
   ╭▸ test/SourceCoordinator.t.sol:56:30
   │
56 │         config = _makeConfig(1_000, buyer, 1);
   │                              ━━━━━
   │
   ╰ help: https://getfoundry.sh/forge/linting/literal-instead-of-constant

note[literal-instead-of-constant]: this literal appears multiple times in the contract; declare a named constant for it
   ╭▸ test/SourceCoordinator.t.sol:65:35
   │
65 │         assertEq(state.available, 1_000);
   │                                   ━━━━━
   │
   ╰ help: https://getfoundry.sh/forge/linting/literal-instead-of-constant

note[literal-instead-of-constant]: this literal appears multiple times in the contract; declare a named constant for it
   ╭▸ test/SourceCoordinator.t.sol:69:61
   │
69 │         WorkTypes.EpochConfig memory expiring = _makeConfig(77, buyer, 22);
   │                                                             ━━
   │
   ╰ help: https://getfoundry.sh/forge/linting/literal-instead-of-constant

note[literal-instead-of-constant]: this literal appears multiple times in the contract; declare a named constant for it
   ╭▸ test/SourceCoordinator.t.sol:69:72
   │
69 │         WorkTypes.EpochConfig memory expiring = _makeConfig(77, buyer, 22);
   │                                                                        ━━
   │
   ╰ help: https://getfoundry.sh/forge/linting/literal-instead-of-constant

note[literal-instead-of-constant]: this literal appears multiple times in the contract; declare a named constant for it
   ╭▸ test/SourceCoordinator.t.sol:76:36
   │
76 │         assertEq(expired.returned, 77);
   │                                    ━━
   │
   ╰ help: https://getfoundry.sh/forge/linting/literal-instead-of-constant

note[literal-instead-of-constant]: this literal appears multiple times in the contract; declare a named constant for it
   ╭▸ test/SourceCoordinator.t.sol:78:33
   │
78 │         assertEq(expired.phase, 3);
   │                                 ━
   │
   ╰ help: https://getfoundry.sh/forge/linting/literal-instead-of-constant

note[literal-instead-of-constant]: this literal appears multiple times in the contract; declare a named constant for it
   ╭▸ test/SourceCoordinator.t.sol:80:35
   │
80 │         assertEq(allocation.kind, 3);
   │                                   ━
   │
   ╰ help: https://getfoundry.sh/forge/linting/literal-instead-of-constant

note[literal-instead-of-constant]: this literal appears multiple times in the contract; declare a named constant for it
   ╭▸ test/SourceCoordinator.t.sol:88:64
   │
88 │         WorkTypes.OrderTerms memory accepted = _terms(epochId, 10, 2, 1, 0);
   │                                                                ━━
   │
   ╰ help: https://getfoundry.sh/forge/linting/literal-instead-of-constant

note[literal-instead-of-constant]: this literal appears multiple times in the contract; declare a named constant for it
   ╭▸ test/SourceCoordinator.t.sol:96:68
   │
96 │         WorkTypes.OrderTerms memory declined = _terms(epochId, 11, 3, 1, 0);
   │                                                                    ━
   │
   ╰ help: https://getfoundry.sh/forge/linting/literal-instead-of-constant

note[literal-instead-of-constant]: this literal appears multiple times in the contract; declare a named constant for it
    ╭▸ test/SourceCoordinator.t.sol:102:67
    │
102 │         WorkTypes.OrderTerms memory expired = _terms(epochId, 12, 4, 1, 0);
    │                                                                   ━
    │
    ╰ help: https://getfoundry.sh/forge/linting/literal-instead-of-constant

note[literal-instead-of-constant]: this literal appears multiple times in the contract; declare a named constant for it
    ╭▸ test/SourceCoordinator.t.sol:109:38
    │
109 │         assertEq(state.reservations, 3);
    │                                      ━
    │
    ╰ help: https://getfoundry.sh/forge/linting/literal-instead-of-constant

note[literal-instead-of-constant]: this literal appears multiple times in the contract; declare a named constant for it
    ╭▸ test/SourceCoordinator.t.sol:111:36
    │
111 │         assertEq(state.unresolved, 3);
    │                                    ━
    │
    ╰ help: https://getfoundry.sh/forge/linting/literal-instead-of-constant

note[literal-instead-of-constant]: this literal appears multiple times in the contract; declare a named constant for it
    ╭▸ test/SourceCoordinator.t.sol:120:61
    │
120 │         WorkTypes.OrderTerms memory quote = _terms(epochId, 20, 5, 1, 0);
    │                                                             ━━
    │
    ╰ help: https://getfoundry.sh/forge/linting/literal-instead-of-constant

note[literal-instead-of-constant]: this literal appears multiple times in the contract; declare a named constant for it
    ╭▸ test/SourceCoordinator.t.sol:120:65
    │
120 │         WorkTypes.OrderTerms memory quote = _terms(epochId, 20, 5, 1, 0);
    │                                                                 ━
    │
    ╰ help: https://getfoundry.sh/forge/linting/literal-instead-of-constant

note[literal-instead-of-constant]: this literal appears multiple times in the contract; declare a named constant for it
    ╭▸ test/SourceCoordinator.t.sol:128:67
    │
128 │         WorkTypes.OrderTerms memory revoked = _terms(epochId, 21, 6, 1, 0);
    │                                                                   ━
    │
    ╰ help: https://getfoundry.sh/forge/linting/literal-instead-of-constant

note[literal-instead-of-constant]: this literal appears multiple times in the contract; declare a named constant for it
    ╭▸ test/SourceCoordinator.t.sol:139:69
    │
139 │         WorkTypes.OrderTerms memory contractQuote = _terms(epochId, 22, 7, 1, 0);
    │                                                                     ━━
    │
    ╰ help: https://getfoundry.sh/forge/linting/literal-instead-of-constant

note[literal-instead-of-constant]: this literal appears multiple times in the contract; declare a named constant for it
    ╭▸ test/SourceCoordinator.t.sol:139:73
    │
139 │         WorkTypes.OrderTerms memory contractQuote = _terms(epochId, 22, 7, 1, 0);
    │                                                                         ━
    │
    ╰ help: https://getfoundry.sh/forge/linting/literal-instead-of-constant

note[literal-instead-of-constant]: this literal appears multiple times in the contract; declare a named constant for it
    ╭▸ test/SourceCoordinator.t.sol:144:61
    │
144 │         bytes32 orderId = source.acceptQuote(contractQuote, hex"01");
    │                                                             ━━━━━━━
    │
    ╰ help: https://getfoundry.sh/forge/linting/literal-instead-of-constant

note[literal-instead-of-constant]: this literal appears multiple times in the contract; declare a named constant for it
    ╭▸ test/SourceCoordinator.t.sol:149:65
    │
149 │         WorkTypes.OrderTerms memory terms = _terms(epochId, 23, 40, 5, 10);
    │                                                                 ━━
    │
    ╰ help: https://getfoundry.sh/forge/linting/literal-instead-of-constant

note[literal-instead-of-constant]: this literal appears multiple times in the contract; declare a named constant for it
    ╭▸ test/SourceCoordinator.t.sol:149:69
    │
149 │         WorkTypes.OrderTerms memory terms = _terms(epochId, 23, 40, 5, 10);
    │                                                                     ━
    │
    ╰ help: https://getfoundry.sh/forge/linting/literal-instead-of-constant

note[literal-instead-of-constant]: this literal appears multiple times in the contract; declare a named constant for it
    ╭▸ test/SourceCoordinator.t.sol:149:72
    │
149 │         WorkTypes.OrderTerms memory terms = _terms(epochId, 23, 40, 5, 10);
    │                                                                        ━━
    │
    ╰ help: https://getfoundry.sh/forge/linting/literal-instead-of-constant

note[literal-instead-of-constant]: this literal appears multiple times in the contract; declare a named constant for it
    ╭▸ test/SourceCoordinator.t.sol:158:38
    │
158 │         assertEq(released.available, 1_000);
    │                                      ━━━━━
    │
    ╰ help: https://getfoundry.sh/forge/linting/literal-instead-of-constant

note[literal-instead-of-constant]: this literal appears multiple times in the contract; declare a named constant for it
    ╭▸ test/SourceCoordinator.t.sol:161:72
    │
161 │         assertEq(source.quoteNonceState(epochId, worker, terms.nonce), 3);
    │                                                                        ━
    │
    ╰ help: https://getfoundry.sh/forge/linting/literal-instead-of-constant

note[literal-instead-of-constant]: this literal appears multiple times in the contract; declare a named constant for it
    ╭▸ test/SourceCoordinator.t.sol:165:61
    │
165 │         (bytes32 orderId,) = _acceptedOffer(_terms(epochId, 30, 10, 2, 1));
    │                                                             ━━
    │
    ╰ help: https://getfoundry.sh/forge/linting/literal-instead-of-constant

note[literal-instead-of-constant]: this literal appears multiple times in the contract; declare a named constant for it
    ╭▸ test/SourceCoordinator.t.sol:165:65
    │
165 │         (bytes32 orderId,) = _acceptedOffer(_terms(epochId, 30, 10, 2, 1));
    │                                                                 ━━
    │
    ╰ help: https://getfoundry.sh/forge/linting/literal-instead-of-constant

note[literal-instead-of-constant]: this literal appears multiple times in the contract; declare a named constant for it
    ╭▸ test/SourceCoordinator.t.sol:168:61
    │
168 │         bytes32 oldDigest = source.mutualDigest(orderId, 0, 5, 1);
    │                                                             ━
    │
    ╰ help: https://getfoundry.sh/forge/linting/literal-instead-of-constant

note[literal-instead-of-constant]: this literal appears multiple times in the contract; declare a named constant for it
    ╭▸ test/SourceCoordinator.t.sol:174:43
    │
174 │         source.settleMutually(orderId, 0, 5, 1, buyerSig, workerSig);
    │                                           ━
    │
    ╰ help: https://getfoundry.sh/forge/linting/literal-instead-of-constant

note[literal-instead-of-constant]: this literal appears multiple times in the contract; declare a named constant for it
    ╭▸ test/SourceCoordinator.t.sol:175:65
    │
175 │         bytes32 currentDigest = source.mutualDigest(orderId, 0, 5, 1);
    │                                                                 ━
    │
    ╰ help: https://getfoundry.sh/forge/linting/literal-instead-of-constant

note[literal-instead-of-constant]: this literal appears multiple times in the contract; declare a named constant for it
    ╭▸ test/SourceCoordinator.t.sol:181:43
    │
181 │         source.settleMutually(orderId, 0, 5, 1, currentBuyerSig, currentWorkerSig);
    │                                           ━
    │
    ╰ help: https://getfoundry.sh/forge/linting/literal-instead-of-constant

note[literal-instead-of-constant]: this literal appears multiple times in the contract; declare a named constant for it
    ╭▸ test/SourceCoordinator.t.sol:182:69
    │
182 │         bytes32 replacementDigest = source.mutualDigest(orderId, 0, 5, 2);
    │                                                                     ━
    │
    ╰ help: https://getfoundry.sh/forge/linting/literal-instead-of-constant

note[literal-instead-of-constant]: this literal appears multiple times in the contract; declare a named constant for it
    ╭▸ test/SourceCoordinator.t.sol:183:43
    │
183 │         source.settleMutually(orderId, 0, 5, 2,
    │                                           ━
    │
    ╰ help: https://getfoundry.sh/forge/linting/literal-instead-of-constant

note[literal-instead-of-constant]: this literal appears multiple times in the contract; declare a named constant for it
    ╭▸ test/SourceCoordinator.t.sol:186:31
    │
186 │         assertEq(m.finalWork, 5);
    │                               ━
    │
    ╰ help: https://getfoundry.sh/forge/linting/literal-instead-of-constant

note[literal-instead-of-constant]: this literal appears multiple times in the contract; declare a named constant for it
    ╭▸ test/SourceCoordinator.t.sol:191:65
    │
191 │         (bytes32 orderId,) = _acceptedOffer(_terms(epochId, 31, 10, 2, 1));
    │                                                                 ━━
    │
    ╰ help: https://getfoundry.sh/forge/linting/literal-instead-of-constant

note[literal-instead-of-constant]: this literal appears multiple times in the contract; declare a named constant for it
    ╭▸ test/SourceCoordinator.t.sol:205:56
    │
205 │         assertEq(source.milestone(orderId, 0).outcome, 4);
    │                                                        ━
    │
    ╰ help: https://getfoundry.sh/forge/linting/literal-instead-of-constant

note[literal-instead-of-constant]: this literal appears multiple times in the contract; declare a named constant for it
    ╭▸ test/SourceCoordinator.t.sol:209:62
    │
209 │         (bytes32 approved,) = _acceptedOffer(_terms(epochId, 40, 10, 3, 2));
    │                                                              ━━
    │
    ╰ help: https://getfoundry.sh/forge/linting/literal-instead-of-constant

note[literal-instead-of-constant]: this literal appears multiple times in the contract; declare a named constant for it
    ╭▸ test/SourceCoordinator.t.sol:209:66
    │
209 │         (bytes32 approved,) = _acceptedOffer(_terms(epochId, 40, 10, 3, 2));
    │                                                                  ━━
    │
    ╰ help: https://getfoundry.sh/forge/linting/literal-instead-of-constant

note[literal-instead-of-constant]: this literal appears multiple times in the contract; declare a named constant for it
    ╭▸ test/SourceCoordinator.t.sol:209:70
    │
209 │         (bytes32 approved,) = _acceptedOffer(_terms(epochId, 40, 10, 3, 2));
    │                                                                      ━
    │
    ╰ help: https://getfoundry.sh/forge/linting/literal-instead-of-constant

note[literal-instead-of-constant]: this literal appears multiple times in the contract; declare a named constant for it
    ╭▸ test/SourceCoordinator.t.sol:213:57
    │
213 │         assertEq(source.milestone(approved, 0).outcome, 4);
    │                                                         ━
    │
    ╰ help: https://getfoundry.sh/forge/linting/literal-instead-of-constant

note[literal-instead-of-constant]: this literal appears multiple times in the contract; declare a named constant for it
    ╭▸ test/SourceCoordinator.t.sol:215:75
    │
215 │         WorkTypes.OrderTerms memory noDeliveryTerms = _terms(epochId, 41, 7, 2, 1);
    │                                                                           ━
    │
    ╰ help: https://getfoundry.sh/forge/linting/literal-instead-of-constant

note[literal-instead-of-constant]: this literal appears multiple times in the contract; declare a named constant for it
    ╭▸ test/SourceCoordinator.t.sol:221:72
    │
221 │         WorkTypes.OrderTerms memory defaultTerms = _terms(epochId, 42, 8, 2, 1);
    │                                                                        ━
    │
    ╰ help: https://getfoundry.sh/forge/linting/literal-instead-of-constant

note[literal-instead-of-constant]: this literal appears multiple times in the contract; declare a named constant for it
    ╭▸ test/SourceCoordinator.t.sol:223:47
    │
223 │         defaultTerms.acceptBefore = current + 5;
    │                                               ━
    │
    ╰ help: https://getfoundry.sh/forge/linting/literal-instead-of-constant

note[literal-instead-of-constant]: this literal appears multiple times in the contract; declare a named constant for it
    ╭▸ test/SourceCoordinator.t.sol:224:62
    │
224 │         defaultTerms.milestones[0].deliverBefore = current + 10;
    │                                                              ━━
    │
    ╰ help: https://getfoundry.sh/forge/linting/literal-instead-of-constant

note[literal-instead-of-constant]: this literal appears multiple times in the contract; declare a named constant for it
    ╭▸ test/SourceCoordinator.t.sol:225:61
    │
225 │         defaultTerms.milestones[0].reviewBefore = current + 15;
    │                                                             ━━
    │
    ╰ help: https://getfoundry.sh/forge/linting/literal-instead-of-constant

note[literal-instead-of-constant]: this literal appears multiple times in the contract; declare a named constant for it
    ╭▸ test/SourceCoordinator.t.sol:226:59
    │
226 │         defaultTerms.milestones[0].ruleBefore = current + 20;
    │                                                           ━━
    │
    ╰ help: https://getfoundry.sh/forge/linting/literal-instead-of-constant

note[literal-instead-of-constant]: this literal appears multiple times in the contract; declare a named constant for it
    ╭▸ test/SourceCoordinator.t.sol:232:58
    │
232 │         assertEq(source.milestone(defaulted, 0).outcome, 5);
    │                                                          ━
    │
    ╰ help: https://getfoundry.sh/forge/linting/literal-instead-of-constant

note[literal-instead-of-constant]: this literal appears multiple times in the contract; declare a named constant for it
    ╭▸ test/SourceCoordinator.t.sol:237:61
    │
237 │         WorkTypes.OrderTerms memory terms = _terms(epochId, 50, 10, 3, 4);
    │                                                             ━━
    │
    ╰ help: https://getfoundry.sh/forge/linting/literal-instead-of-constant

note[literal-instead-of-constant]: this literal appears multiple times in the contract; declare a named constant for it
    ╭▸ test/SourceCoordinator.t.sol:237:65
    │
237 │         WorkTypes.OrderTerms memory terms = _terms(epochId, 50, 10, 3, 4);
    │                                                                 ━━
    │
    ╰ help: https://getfoundry.sh/forge/linting/literal-instead-of-constant

note[literal-instead-of-constant]: this literal appears multiple times in the contract; declare a named constant for it
    ╭▸ test/SourceCoordinator.t.sol:237:69
    │
237 │         WorkTypes.OrderTerms memory terms = _terms(epochId, 50, 10, 3, 4);
    │                                                                     ━
    │
    ╰ help: https://getfoundry.sh/forge/linting/literal-instead-of-constant

note[literal-instead-of-constant]: this literal appears multiple times in the contract; declare a named constant for it
    ╭▸ test/SourceCoordinator.t.sol:237:72
    │
237 │         WorkTypes.OrderTerms memory terms = _terms(epochId, 50, 10, 3, 4);
    │                                                                        ━
    │
    ╰ help: https://getfoundry.sh/forge/linting/literal-instead-of-constant

note[literal-instead-of-constant]: this literal appears multiple times in the contract; declare a named constant for it
    ╭▸ test/SourceCoordinator.t.sol:244:45
    │
244 │         source.submitRulingVote(orderId, 0, 4, 1, committee1, "");
    │                                             ━
    │
    ╰ help: https://getfoundry.sh/forge/linting/literal-instead-of-constant

note[literal-instead-of-constant]: this literal appears multiple times in the contract; declare a named constant for it
    ╭▸ test/SourceCoordinator.t.sol:247:45
    │
247 │         source.submitRulingVote(orderId, 0, 4, 1, committee1, "");
    │                                             ━
    │
    ╰ help: https://getfoundry.sh/forge/linting/literal-instead-of-constant

note[literal-instead-of-constant]: this literal appears multiple times in the contract; declare a named constant for it
    ╭▸ test/SourceCoordinator.t.sol:249:45
    │
249 │         source.submitRulingVote(orderId, 0, 5, 2, committee2, "");
    │                                             ━
    │
    ╰ help: https://getfoundry.sh/forge/linting/literal-instead-of-constant

note[literal-instead-of-constant]: this literal appears multiple times in the contract; declare a named constant for it
    ╭▸ test/SourceCoordinator.t.sol:250:55
    │
250 │         assertEq(source.milestone(orderId, 0).status, 4);
    │                                                       ━
    │
    ╰ help: https://getfoundry.sh/forge/linting/literal-instead-of-constant

note[literal-instead-of-constant]: this literal appears multiple times in the contract; declare a named constant for it
    ╭▸ test/SourceCoordinator.t.sol:254:45
    │
254 │         source.submitRulingVote(orderId, 0, 4, 1, committee3, "");
    │                                             ━
    │
    ╰ help: https://getfoundry.sh/forge/linting/literal-instead-of-constant

note[literal-instead-of-constant]: this literal appears multiple times in the contract; declare a named constant for it
    ╭▸ test/SourceCoordinator.t.sol:255:55
    │
255 │         assertEq(source.milestone(orderId, 0).status, 4);
    │                                                       ━
    │
    ╰ help: https://getfoundry.sh/forge/linting/literal-instead-of-constant

note[literal-instead-of-constant]: this literal appears multiple times in the contract; declare a named constant for it
    ╭▸ test/SourceCoordinator.t.sol:257:45
    │
257 │         source.submitRulingVote(orderId, 0, 4, 2, committee1, "");
    │                                             ━
    │
    ╰ help: https://getfoundry.sh/forge/linting/literal-instead-of-constant

note[literal-instead-of-constant]: this literal appears multiple times in the contract; declare a named constant for it
    ╭▸ test/SourceCoordinator.t.sol:259:45
    │
259 │         source.submitRulingVote(orderId, 0, 4, 2, committee3, "");
    │                                             ━
    │
    ╰ help: https://getfoundry.sh/forge/linting/literal-instead-of-constant

note[literal-instead-of-constant]: this literal appears multiple times in the contract; declare a named constant for it
    ╭▸ test/SourceCoordinator.t.sol:261:29
    │
261 │         assertEq(m.outcome, 6);
    │                             ━
    │
    ╰ help: https://getfoundry.sh/forge/linting/literal-instead-of-constant

note[literal-instead-of-constant]: this literal appears multiple times in the contract; declare a named constant for it
    ╭▸ test/SourceCoordinator.t.sol:262:31
    │
262 │         assertEq(m.finalWork, 4);
    │                               ━
    │
    ╰ help: https://getfoundry.sh/forge/linting/literal-instead-of-constant

note[literal-instead-of-constant]: this literal appears multiple times in the contract; declare a named constant for it
    ╭▸ test/SourceCoordinator.t.sol:263:30
    │
263 │         assertEq(m.finalFee, 3);
    │                              ━
    │
    ╰ help: https://getfoundry.sh/forge/linting/literal-instead-of-constant

note[literal-instead-of-constant]: this literal appears multiple times in the contract; declare a named constant for it
    ╭▸ test/SourceCoordinator.t.sol:266:45
    │
266 │         source.submitRulingVote(orderId, 0, 4, 1, committee2, "");
    │                                             ━
    │
    ╰ help: https://getfoundry.sh/forge/linting/literal-instead-of-constant

note[literal-instead-of-constant]: this literal appears multiple times in the contract; declare a named constant for it
    ╭▸ test/SourceCoordinator.t.sol:270:72
    │
270 │         WorkTypes.OrderTerms memory timeoutTerms = _terms(epochId, 60, 10, 3, 4);
    │                                                                        ━━
    │
    ╰ help: https://getfoundry.sh/forge/linting/literal-instead-of-constant

note[literal-instead-of-constant]: this literal appears multiple times in the contract; declare a named constant for it
    ╭▸ test/SourceCoordinator.t.sol:270:76
    │
270 │         WorkTypes.OrderTerms memory timeoutTerms = _terms(epochId, 60, 10, 3, 4);
    │                                                                            ━
    │
    ╰ help: https://getfoundry.sh/forge/linting/literal-instead-of-constant

note[literal-instead-of-constant]: this literal appears multiple times in the contract; declare a named constant for it
    ╭▸ test/SourceCoordinator.t.sol:270:79
    │
270 │         WorkTypes.OrderTerms memory timeoutTerms = _terms(epochId, 60, 10, 3, 4);
    │                                                                               ━
    │
    ╰ help: https://getfoundry.sh/forge/linting/literal-instead-of-constant

note[literal-instead-of-constant]: this literal appears multiple times in the contract; declare a named constant for it
    ╭▸ test/SourceCoordinator.t.sol:277:60
    │
277 │         assertEq(source.milestone(timeoutId, 0).finalWork, 4);
    │                                                            ━
    │
    ╰ help: https://getfoundry.sh/forge/linting/literal-instead-of-constant

note[literal-instead-of-constant]: this literal appears multiple times in the contract; declare a named constant for it
    ╭▸ test/SourceCoordinator.t.sol:280:71
    │
280 │         WorkTypes.OrderTerms memory mutualTerms = _terms(epochId, 61, 9, 1, 2);
    │                                                                       ━
    │
    ╰ help: https://getfoundry.sh/forge/linting/literal-instead-of-constant

note[literal-instead-of-constant]: this literal appears multiple times in the contract; declare a named constant for it
    ╭▸ test/SourceCoordinator.t.sol:282:46
    │
282 │         mutualTerms.acceptBefore = current + 5;
    │                                              ━
    │
    ╰ help: https://getfoundry.sh/forge/linting/literal-instead-of-constant

note[literal-instead-of-constant]: this literal appears multiple times in the contract; declare a named constant for it
    ╭▸ test/SourceCoordinator.t.sol:283:61
    │
283 │         mutualTerms.milestones[0].deliverBefore = current + 10;
    │                                                             ━━
    │
    ╰ help: https://getfoundry.sh/forge/linting/literal-instead-of-constant

note[literal-instead-of-constant]: this literal appears multiple times in the contract; declare a named constant for it
    ╭▸ test/SourceCoordinator.t.sol:284:60
    │
284 │         mutualTerms.milestones[0].reviewBefore = current + 15;
    │                                                            ━━
    │
    ╰ help: https://getfoundry.sh/forge/linting/literal-instead-of-constant

note[literal-instead-of-constant]: this literal appears multiple times in the contract; declare a named constant for it
    ╭▸ test/SourceCoordinator.t.sol:285:58
    │
285 │         mutualTerms.milestones[0].ruleBefore = current + 20;
    │                                                          ━━
    │
    ╰ help: https://getfoundry.sh/forge/linting/literal-instead-of-constant

note[literal-instead-of-constant]: this literal appears multiple times in the contract; declare a named constant for it
    ╭▸ test/SourceCoordinator.t.sol:290:59
    │
290 │         bytes32 digest = source.mutualDigest(mutualId, 0, 6, 1);
    │                                                           ━
    │
    ╰ help: https://getfoundry.sh/forge/linting/literal-instead-of-constant

note[literal-instead-of-constant]: this literal appears multiple times in the contract; declare a named constant for it
    ╭▸ test/SourceCoordinator.t.sol:291:44
    │
291 │         source.settleMutually(mutualId, 0, 6, 1, _sign(BUYER_KEY, digest), _sign(WORKER_KEY, digest));
    │                                            ━
    │
    ╰ help: https://getfoundry.sh/forge/linting/literal-instead-of-constant

note[literal-instead-of-constant]: this literal appears multiple times in the contract; declare a named constant for it
    ╭▸ test/SourceCoordinator.t.sol:295:77
    │
295 │         WorkTypes.OrderTerms memory firstDefaultTerms = _terms(epochId, 62, 9, 1, 2);
    │                                                                             ━
    │
    ╰ help: https://getfoundry.sh/forge/linting/literal-instead-of-constant

note[literal-instead-of-constant]: this literal appears multiple times in the contract; declare a named constant for it
    ╭▸ test/SourceCoordinator.t.sol:297:52
    │
297 │         firstDefaultTerms.acceptBefore = current + 5;
    │                                                    ━
    │
    ╰ help: https://getfoundry.sh/forge/linting/literal-instead-of-constant

note[literal-instead-of-constant]: this literal appears multiple times in the contract; declare a named constant for it
    ╭▸ test/SourceCoordinator.t.sol:298:67
    │
298 │         firstDefaultTerms.milestones[0].deliverBefore = current + 10;
    │                                                                   ━━
    │
    ╰ help: https://getfoundry.sh/forge/linting/literal-instead-of-constant

note[literal-instead-of-constant]: this literal appears multiple times in the contract; declare a named constant for it
    ╭▸ test/SourceCoordinator.t.sol:299:66
    │
299 │         firstDefaultTerms.milestones[0].reviewBefore = current + 15;
    │                                                                  ━━
    │
    ╰ help: https://getfoundry.sh/forge/linting/literal-instead-of-constant

note[literal-instead-of-constant]: this literal appears multiple times in the contract; declare a named constant for it
    ╭▸ test/SourceCoordinator.t.sol:300:64
    │
300 │         firstDefaultTerms.milestones[0].ruleBefore = current + 20;
    │                                                                ━━
    │
    ╰ help: https://getfoundry.sh/forge/linting/literal-instead-of-constant

note[literal-instead-of-constant]: this literal appears multiple times in the contract; declare a named constant for it
    ╭▸ test/SourceCoordinator.t.sol:304:68
    │
304 │         bytes32 staleMutual = source.mutualDigest(firstDefault, 0, 6, 1);
    │                                                                    ━
    │
    ╰ help: https://getfoundry.sh/forge/linting/literal-instead-of-constant

note[literal-instead-of-constant]: this literal appears multiple times in the contract; declare a named constant for it
    ╭▸ test/SourceCoordinator.t.sol:310:48
    │
310 │         source.settleMutually(firstDefault, 0, 6, 1, safeSig, workSig);
    │                                                ━
    │
    ╰ help: https://getfoundry.sh/forge/linting/literal-instead-of-constant

note[literal-instead-of-constant]: this literal appears multiple times in the contract; declare a named constant for it
    ╭▸ test/SourceCoordinator.t.sol:315:37
    │
315 │         source.releaseFree(epochId, 100, keccak256("safe authorization"));
    │                                     ━━━
    │
    ╰ help: https://getfoundry.sh/forge/linting/literal-instead-of-constant

note[literal-instead-of-constant]: this literal appears multiple times in the contract; declare a named constant for it
    ╭▸ test/SourceCoordinator.t.sol:316:44
    │
316 │         _acceptedOffer(_terms(epochId, 69, 100, 0, 0));
    │                                            ━━━
    │
    ╰ help: https://getfoundry.sh/forge/linting/literal-instead-of-constant

note[literal-instead-of-constant]: this literal appears multiple times in the contract; declare a named constant for it
    ╭▸ test/SourceCoordinator.t.sol:332:37
    │
332 │         source.releaseFree(epochId, 100, keccak256("republish changed state"));
    │                                     ━━━
    │
    ╰ help: https://getfoundry.sh/forge/linting/literal-instead-of-constant

note[literal-instead-of-constant]: this literal appears multiple times in the contract; declare a named constant for it
    ╭▸ test/SourceCoordinator.t.sol:383:44
    │
383 │         source.createOffer(_terms(epochId, 24, 1, 0, 0));
    │                                            ━━
    │
    ╰ help: https://getfoundry.sh/forge/linting/literal-instead-of-constant

note[literal-instead-of-constant]: this literal appears multiple times in the contract; declare a named constant for it
    ╭▸ test/SourceCoordinator.t.sol:387:65
    │
387 │         WorkTypes.OrderTerms memory terms = _terms(epochId, 70, 10, 3, 5);
    │                                                                 ━━
    │
    ╰ help: https://getfoundry.sh/forge/linting/literal-instead-of-constant

note[literal-instead-of-constant]: this literal appears multiple times in the contract; declare a named constant for it
    ╭▸ test/SourceCoordinator.t.sol:387:69
    │
387 │         WorkTypes.OrderTerms memory terms = _terms(epochId, 70, 10, 3, 5);
    │                                                                     ━
    │
    ╰ help: https://getfoundry.sh/forge/linting/literal-instead-of-constant

note[literal-instead-of-constant]: this literal appears multiple times in the contract; declare a named constant for it
    ╭▸ test/SourceCoordinator.t.sol:387:72
    │
387 │         WorkTypes.OrderTerms memory terms = _terms(epochId, 70, 10, 3, 5);
    │                                                                        ━
    │
    ╰ help: https://getfoundry.sh/forge/linting/literal-instead-of-constant

note[literal-instead-of-constant]: this literal appears multiple times in the contract; declare a named constant for it
    ╭▸ test/SourceCoordinator.t.sol:393:45
    │
393 │         source.submitRulingVote(orderId, 0, 5, 3, committee1, "");
    │                                             ━
    │
    ╰ help: https://getfoundry.sh/forge/linting/literal-instead-of-constant

note[literal-instead-of-constant]: this literal appears multiple times in the contract; declare a named constant for it
    ╭▸ test/SourceCoordinator.t.sol:393:48
    │
393 │         source.submitRulingVote(orderId, 0, 5, 3, committee1, "");
    │                                                ━
    │
    ╰ help: https://getfoundry.sh/forge/linting/literal-instead-of-constant

note[literal-instead-of-constant]: this literal appears multiple times in the contract; declare a named constant for it
    ╭▸ test/SourceCoordinator.t.sol:396:45
    │
396 │         source.submitRulingVote(orderId, 0, 5, 3, committee2, "");
    │                                             ━
    │
    ╰ help: https://getfoundry.sh/forge/linting/literal-instead-of-constant

note[literal-instead-of-constant]: this literal appears multiple times in the contract; declare a named constant for it
    ╭▸ test/SourceCoordinator.t.sol:396:48
    │
396 │         source.submitRulingVote(orderId, 0, 5, 3, committee2, "");
    │                                                ━
    │
    ╰ help: https://getfoundry.sh/forge/linting/literal-instead-of-constant

note[literal-instead-of-constant]: this literal appears multiple times in the contract; declare a named constant for it
    ╭▸ test/SourceCoordinator.t.sol:398:31
    │
398 │         assertEq(logs.length, 5); // ruling vote, WORK, FEE, milestone finalization, final checkpoint
    │                               ━
    │
    ╰ help: https://getfoundry.sh/forge/linting/literal-instead-of-constant

note[literal-instead-of-constant]: this literal appears multiple times in the contract; declare a named constant for it
    ╭▸ test/SourceCoordinator.t.sol:404:49
    │
404 │                 assertEq(logs[i].topics.length, 3);
    │                                                 ━
    │
    ╰ help: https://getfoundry.sh/forge/linting/literal-instead-of-constant

note[literal-instead-of-constant]: this literal appears multiple times in the contract; declare a named constant for it
    ╭▸ test/SourceCoordinator.t.sol:429:68
    │
429 │         WorkTypes.OrderTerms memory terms = _manyTerms(traceEpoch, 32, 2, 1, 1);
    │                                                                    ━━
    │
    ╰ help: https://getfoundry.sh/forge/linting/literal-instead-of-constant

note[literal-instead-of-constant]: this literal appears multiple times in the contract; declare a named constant for it
    ╭▸ test/SourceCoordinator.t.sol:434:43
    │
434 │         assertEq(atCapacity.reservations, 32);
    │                                           ━━
    │
    ╰ help: https://getfoundry.sh/forge/linting/literal-instead-of-constant

note[literal-instead-of-constant]: this literal appears multiple times in the contract; declare a named constant for it
    ╭▸ test/SourceCoordinator.t.sol:435:40
    │
435 │         assertEq(atCapacity.available, 24);
    │                                        ━━
    │
    ╰ help: https://getfoundry.sh/forge/linting/literal-instead-of-constant

note[literal-instead-of-constant]: this literal appears multiple times in the contract; declare a named constant for it
    ╭▸ test/SourceCoordinator.t.sol:437:67
    │
437 │         WorkTypes.OrderTerms memory overflow = _terms(traceEpoch, 100, 1, 0, 0);
    │                                                                   ━━━
    │
    ╰ help: https://getfoundry.sh/forge/linting/literal-instead-of-constant

note[literal-instead-of-constant]: this literal appears multiple times in the contract; declare a named constant for it
    ╭▸ test/SourceCoordinator.t.sol:451:28
    │
451 │         for (uint32 i; i < 32; ++i) {
    │                            ━━
    │
    ╰ help: https://getfoundry.sh/forge/linting/literal-instead-of-constant

note[literal-instead-of-constant]: this literal appears multiple times in the contract; declare a named constant for it
    ╭▸ test/SourceCoordinator.t.sol:470:58
    │
470 │         assertEq(traceSource.sweepAvailable(traceEpoch), 8);
    │                                                          ━
    │
    ╰ help: https://getfoundry.sh/forge/linting/literal-instead-of-constant

note[literal-instead-of-constant]: this literal appears multiple times in the contract; declare a named constant for it
    ╭▸ test/SourceCoordinator.t.sol:474:28
    │
474 │         for (uint32 i; i < 32; ++i) {
    │                            ━━
    │
    ╰ help: https://getfoundry.sh/forge/linting/literal-instead-of-constant

note[literal-instead-of-constant]: this literal appears multiple times in the contract; declare a named constant for it
    ╭▸ test/SourceCoordinator.t.sol:496:31
    │
496 │         assertEq(state.phase, 3);
    │                               ━
    │
    ╰ help: https://getfoundry.sh/forge/linting/literal-instead-of-constant

note[literal-instead-of-constant]: this literal appears multiple times in the contract; declare a named constant for it
    ╭▸ test/SourceCoordinator.t.sol:506:54
    │
506 │         WorkTypes.EpochConfig memory c = _makeConfig(50, address(contractBuyer), 777);
    │                                                      ━━
    │
    ╰ help: https://getfoundry.sh/forge/linting/literal-instead-of-constant

note[literal-instead-of-constant]: this literal appears multiple times in the contract; declare a named constant for it
    ╭▸ test/SourceCoordinator.t.sol:510:60
    │
510 │         WorkTypes.OrderTerms memory terms = _terms(id, 90, 10, 2, 3);
    │                                                            ━━
    │
    ╰ help: https://getfoundry.sh/forge/linting/literal-instead-of-constant

note[literal-instead-of-constant]: this literal appears multiple times in the contract; declare a named constant for it
    ╭▸ test/SourceCoordinator.t.sol:510:67
    │
510 │         WorkTypes.OrderTerms memory terms = _terms(id, 90, 10, 2, 3);
    │                                                                   ━
    │
    ╰ help: https://getfoundry.sh/forge/linting/literal-instead-of-constant

note[literal-instead-of-constant]: this literal appears multiple times in the contract; declare a named constant for it
    ╭▸ test/SourceCoordinator.t.sol:516:45
    │
516 │         contractSource.acceptOffer(orderId, hex"01");
    │                                             ━━━━━━━
    │
    ╰ help: https://getfoundry.sh/forge/linting/literal-instead-of-constant

note[literal-instead-of-constant]: this literal appears multiple times in the contract; declare a named constant for it
    ╭▸ test/SourceCoordinator.t.sol:517:66
    │
517 │         bytes32 mutual = contractSource.mutualDigest(orderId, 0, 3, 1);
    │                                                                  ━
    │
    ╰ help: https://getfoundry.sh/forge/linting/literal-instead-of-constant

note[literal-instead-of-constant]: this literal appears multiple times in the contract; declare a named constant for it
    ╭▸ test/SourceCoordinator.t.sol:520:51
    │
520 │         contractSource.settleMutually(orderId, 0, 3, 1, hex"01", hex"02");
    │                                                   ━
    │
    ╰ help: https://getfoundry.sh/forge/linting/literal-instead-of-constant

note[literal-instead-of-constant]: this literal appears multiple times in the contract; declare a named constant for it
    ╭▸ test/SourceCoordinator.t.sol:520:57
    │
520 │         contractSource.settleMutually(orderId, 0, 3, 1, hex"01", hex"02");
    │                                                         ━━━━━━━
    │
    ╰ help: https://getfoundry.sh/forge/linting/literal-instead-of-constant

note[literal-instead-of-constant]: this literal appears multiple times in the contract; declare a named constant for it
    ╭▸ test/SourceCoordinator.t.sol:521:66
    │
521 │         assertEq(contractSource.milestone(orderId, 0).finalWork, 3);
    │                                                                  ━
    │
    ╰ help: https://getfoundry.sh/forge/linting/literal-instead-of-constant

note[literal-instead-of-constant]: this literal appears multiple times in the contract; declare a named constant for it
    ╭▸ test/SourceCoordinator.t.sol:559:57
    │
559 │             initializationCutoff: uint64(block.number + 10),
    │                                                         ━━
    │
    ╰ help: https://getfoundry.sh/forge/linting/literal-instead-of-constant

note[literal-instead-of-constant]: this literal appears multiple times in the contract; declare a named constant for it
    ╭▸ test/SourceCoordinator.t.sol:560:52
    │
560 │             admissionCutoff: uint64(block.number + 1_000),
    │                                                    ━━━━━
    │
    ╰ help: https://getfoundry.sh/forge/linting/literal-instead-of-constant

note[multi-contract-file]: prefer having only one contract, interface or library per file
   ╭▸ test/WorkTreasuryTarget.t.sol:18:10
   │
18 │ contract WorkTreasuryTargetTest is Test {
   │          ━━━━━━━━━━━━━━━━━━━━━━
   │
   ╰ help: https://getfoundry.sh/forge/linting/multi-contract-file

note[multi-contract-file]: prefer having only one contract, interface or library per file
    ╭▸ test/WorkTreasuryTarget.t.sol:602:10
    │
602 │ contract RejectingReceiver {
    │          ━━━━━━━━━━━━━━━━━
    │
    ╰ help: https://getfoundry.sh/forge/linting/multi-contract-file

note[multi-contract-file]: prefer having only one contract, interface or library per file
    ╭▸ test/WorkTreasuryTarget.t.sol:612:10
    │
612 │ contract AcceptingLock {
    │          ━━━━━━━━━━━━━
    │
    ╰ help: https://getfoundry.sh/forge/linting/multi-contract-file

note[literal-instead-of-constant]: this literal appears multiple times in the contract; declare a named constant for it
   ╭▸ test/WorkTreasuryTarget.t.sol:41:57
   │
41 │         WorkTypes.EpochConfig memory first = _config(1, 100 ether, SPONSOR, REFUND, SAFE);
   │                                                         ━━━━━━━━━
   │
   ╰ help: https://getfoundry.sh/forge/linting/literal-instead-of-constant

note[literal-instead-of-constant]: this literal appears multiple times in the contract; declare a named constant for it
   ╭▸ test/WorkTreasuryTarget.t.sol:43:53
   │
43 │         bytes32 firstId = treasury.fundEpoch{value: 130 ether}(first);
   │                                                     ━━━━━━━━━
   │
   ╰ help: https://getfoundry.sh/forge/linting/literal-instead-of-constant

note[literal-instead-of-constant]: this literal appears multiple times in the contract; declare a named constant for it
   ╭▸ test/WorkTreasuryTarget.t.sol:44:49
   │
44 │         assertEq(treasury.freeBalance(SPONSOR), 30 ether);
   │                                                 ━━━━━━━━
   │
   ╰ help: https://getfoundry.sh/forge/linting/literal-instead-of-constant

note[literal-instead-of-constant]: this literal appears multiple times in the contract; declare a named constant for it
   ╭▸ test/WorkTreasuryTarget.t.sol:46:35
   │
46 │         assertEq(account.reserve, 100 ether);
   │                                   ━━━━━━━━━
   │
   ╰ help: https://getfoundry.sh/forge/linting/literal-instead-of-constant

note[literal-instead-of-constant]: this literal appears multiple times in the contract; declare a named constant for it
   ╭▸ test/WorkTreasuryTarget.t.sol:50:88
   │
50 │         WorkTypes.Allocation memory refund = _allocation(firstId, 1, WorkTypes.RETURN, 40 ether, REFUND, REFUND);
   │                                                                                        ━━━━━━━━
   │
   ╰ help: https://getfoundry.sh/forge/linting/literal-instead-of-constant

note[literal-instead-of-constant]: this literal appears multiple times in the contract; declare a named constant for it
   ╭▸ test/WorkTreasuryTarget.t.sol:51:57
   │
51 │         treasury.authenticateAndRecognizeReceipt(_proof(10, _encoded(1, _logs(_allocationLog(SOURCE, refund)))), 0);
   │                                                         ━━
   │
   ╰ help: https://getfoundry.sh/forge/linting/literal-instead-of-constant

note[literal-instead-of-constant]: this literal appears multiple times in the contract; declare a named constant for it
   ╭▸ test/WorkTreasuryTarget.t.sol:52:48
   │
52 │         assertEq(treasury.freeBalance(REFUND), 40 ether);
   │                                                ━━━━━━━━
   │
   ╰ help: https://getfoundry.sh/forge/linting/literal-instead-of-constant

note[literal-instead-of-constant]: this literal appears multiple times in the contract; declare a named constant for it
   ╭▸ test/WorkTreasuryTarget.t.sol:54:61
   │
54 │         WorkTypes.EpochConfig memory successor = _config(2, 40 ether, REFUND, REFUND, SAFE);
   │                                                             ━━━━━━━━
   │
   ╰ help: https://getfoundry.sh/forge/linting/literal-instead-of-constant

note[literal-instead-of-constant]: this literal appears multiple times in the contract; declare a named constant for it
   ╭▸ test/WorkTreasuryTarget.t.sol:58:48
   │
58 │         assertEq(treasury.freeBalance(REFUND), 40 ether);
   │                                                ━━━━━━━━
   │
   ╰ help: https://getfoundry.sh/forge/linting/literal-instead-of-constant

note[literal-instead-of-constant]: this literal appears multiple times in the contract; declare a named constant for it
   ╭▸ test/WorkTreasuryTarget.t.sol:63:35
   │
63 │         assertEq(account.reserve, 40 ether);
   │                                   ━━━━━━━━
   │
   ╰ help: https://getfoundry.sh/forge/linting/literal-instead-of-constant

note[literal-instead-of-constant]: this literal appears multiple times in the contract; declare a named constant for it
   ╭▸ test/WorkTreasuryTarget.t.sol:65:58
   │
65 │         assertEq(treasury.epochAccount(firstId).reserve, 60 ether);
   │                                                          ━━━━━━━━
   │
   ╰ help: https://getfoundry.sh/forge/linting/literal-instead-of-constant

note[literal-instead-of-constant]: this literal appears multiple times in the contract; declare a named constant for it
   ╭▸ test/WorkTreasuryTarget.t.sol:67:46
   │
67 │         assertEq(treasury.liveLiabilities(), 130 ether);
   │                                              ━━━━━━━━━
   │
   ╰ help: https://getfoundry.sh/forge/linting/literal-instead-of-constant

note[literal-instead-of-constant]: this literal appears multiple times in the contract; declare a named constant for it
   ╭▸ test/WorkTreasuryTarget.t.sol:68:52
   │
68 │         assertEq(treasury.totalCreditedDeposits(), 130 ether);
   │                                                    ━━━━━━━━━
   │
   ╰ help: https://getfoundry.sh/forge/linting/literal-instead-of-constant

note[literal-instead-of-constant]: this literal appears multiple times in the contract; declare a named constant for it
   ╭▸ test/WorkTreasuryTarget.t.sol:72:40
   │
72 │         bytes32 epochA = _fund(_config(10, 100 ether, SPONSOR, REFUND, SAFE));
   │                                        ━━
   │
   ╰ help: https://getfoundry.sh/forge/linting/literal-instead-of-constant

note[literal-instead-of-constant]: this literal appears multiple times in the contract; declare a named constant for it
   ╭▸ test/WorkTreasuryTarget.t.sol:72:44
   │
72 │         bytes32 epochA = _fund(_config(10, 100 ether, SPONSOR, REFUND, SAFE));
   │                                            ━━━━━━━━━
   │
   ╰ help: https://getfoundry.sh/forge/linting/literal-instead-of-constant

note[literal-instead-of-constant]: this literal appears multiple times in the contract; declare a named constant for it
   ╭▸ test/WorkTreasuryTarget.t.sol:73:60
   │
73 │         WorkTypes.EpochConfig memory configB = _config(11, 100 ether, SPONSOR, REFUND, SAFE);
   │                                                            ━━━━━━━━━
   │
   ╰ help: https://getfoundry.sh/forge/linting/literal-instead-of-constant

note[literal-instead-of-constant]: this literal appears multiple times in the contract; declare a named constant for it
   ╭▸ test/WorkTreasuryTarget.t.sol:75:80
   │
75 │         WorkTypes.Allocation memory a = _allocation(epochA, 1, WorkTypes.WORK, 10 ether, WORKER, DESTINATION);
   │                                                                                ━━━━━━━━
   │
   ╰ help: https://getfoundry.sh/forge/linting/literal-instead-of-constant

note[literal-instead-of-constant]: this literal appears multiple times in the contract; declare a named constant for it
   ╭▸ test/WorkTreasuryTarget.t.sol:76:80
   │
76 │         WorkTypes.Allocation memory b = _allocation(epochB, 1, WorkTypes.WORK, 20 ether, WORKER, DESTINATION);
   │                                                                                ━━━━━━━━
   │
   ╰ help: https://getfoundry.sh/forge/linting/literal-instead-of-constant

note[literal-instead-of-constant]: this literal appears multiple times in the contract; declare a named constant for it
   ╭▸ test/WorkTreasuryTarget.t.sol:78:85
   │
78 │         EvmV1Decoder.LogEntryTuple[] memory logs = new EvmV1Decoder.LogEntryTuple[](4);
   │                                                                                     ━
   │
   ╰ help: https://getfoundry.sh/forge/linting/literal-instead-of-constant

note[literal-instead-of-constant]: this literal appears multiple times in the contract; declare a named constant for it
   ╭▸ test/WorkTreasuryTarget.t.sol:88:105
   │
88 │         vm.expectRevert(abi.encodeWithSelector(NativeReceiptAuth.LogOrdinalOutOfRange.selector, uint256(4), uint256(4)));
   │                                                                                                         ━
   │
   ╰ help: https://getfoundry.sh/forge/linting/literal-instead-of-constant

note[literal-instead-of-constant]: this literal appears multiple times in the contract; declare a named constant for it
   ╭▸ test/WorkTreasuryTarget.t.sol:88:117
   │
88 │         vm.expectRevert(abi.encodeWithSelector(NativeReceiptAuth.LogOrdinalOutOfRange.selector, uint256(4), uint256(4)));
   │                                                                                                                     ━
   │
   ╰ help: https://getfoundry.sh/forge/linting/literal-instead-of-constant

note[literal-instead-of-constant]: this literal appears multiple times in the contract; declare a named constant for it
   ╭▸ test/WorkTreasuryTarget.t.sol:89:61
   │
89 │         treasury.recognizeFromReceipt(position, exactBytes, 4);
   │                                                             ━
   │
   ╰ help: https://getfoundry.sh/forge/linting/literal-instead-of-constant

note[literal-instead-of-constant]: this literal appears multiple times in the contract; declare a named constant for it
   ╭▸ test/WorkTreasuryTarget.t.sol:98:61
   │
98 │         treasury.recognizeFromReceipt(position, exactBytes, 3);
   │                                                             ━
   │
   ╰ help: https://getfoundry.sh/forge/linting/literal-instead-of-constant

note[literal-instead-of-constant]: this literal appears multiple times in the contract; declare a named constant for it
    ╭▸ test/WorkTreasuryTarget.t.sol:100:60
    │
100 │         assertEq(treasury.epochAccount(epochA).recognized, 10 ether);
    │                                                            ━━━━━━━━
    │
    ╰ help: https://getfoundry.sh/forge/linting/literal-instead-of-constant

note[literal-instead-of-constant]: this literal appears multiple times in the contract; declare a named constant for it
    ╭▸ test/WorkTreasuryTarget.t.sol:101:60
    │
101 │         assertEq(treasury.epochAccount(epochB).recognized, 20 ether);
    │                                                            ━━━━━━━━
    │
    ╰ help: https://getfoundry.sh/forge/linting/literal-instead-of-constant

note[literal-instead-of-constant]: this literal appears multiple times in the contract; declare a named constant for it
    ╭▸ test/WorkTreasuryTarget.t.sol:105:45
    │
105 │         bytes32 epochId = _fund(_config(12, 10 ether, SPONSOR, REFUND, SAFE));
    │                                             ━━━━━━━━
    │
    ╰ help: https://getfoundry.sh/forge/linting/literal-instead-of-constant

note[literal-instead-of-constant]: this literal appears multiple times in the contract; declare a named constant for it
    ╭▸ test/WorkTreasuryTarget.t.sol:107:53
    │
107 │             _allocation(epochId, 1, WorkTypes.WORK, 10 ether, WORKER, DESTINATION);
    │                                                     ━━━━━━━━
    │
    ╰ help: https://getfoundry.sh/forge/linting/literal-instead-of-constant

note[literal-instead-of-constant]: this literal appears multiple times in the contract; declare a named constant for it
    ╭▸ test/WorkTreasuryTarget.t.sol:109:67
    │
109 │         NativeReceiptAuth.SingleProof memory forgedProof = _proof(22, matchingBytes);
    │                                                                   ━━
    │
    ╰ help: https://getfoundry.sh/forge/linting/literal-instead-of-constant

note[literal-instead-of-constant]: this literal appears multiple times in the contract; declare a named constant for it
    ╭▸ test/WorkTreasuryTarget.t.sol:111:60
    │
111 │             NativeReceiptAuth.SourcePosition({blockHeight: 22, transactionIndex: 1});
    │                                                            ━━
    │
    ╰ help: https://getfoundry.sh/forge/linting/literal-instead-of-constant

note[literal-instead-of-constant]: this literal appears multiple times in the contract; declare a named constant for it
    ╭▸ test/WorkTreasuryTarget.t.sol:123:35
    │
123 │         assertEq(account.reserve, 10 ether);
    │                                   ━━━━━━━━
    │
    ╰ help: https://getfoundry.sh/forge/linting/literal-instead-of-constant

note[literal-instead-of-constant]: this literal appears multiple times in the contract; declare a named constant for it
    ╭▸ test/WorkTreasuryTarget.t.sol:125:52
    │
125 │         assertEq(treasury.totalReserveLiability(), 10 ether);
    │                                                    ━━━━━━━━
    │
    ╰ help: https://getfoundry.sh/forge/linting/literal-instead-of-constant

note[literal-instead-of-constant]: this literal appears multiple times in the contract; declare a named constant for it
    ╭▸ test/WorkTreasuryTarget.t.sol:127:46
    │
127 │         assertEq(treasury.liveLiabilities(), 10 ether);
    │                                              ━━━━━━━━
    │
    ╰ help: https://getfoundry.sh/forge/linting/literal-instead-of-constant

note[literal-instead-of-constant]: this literal appears multiple times in the contract; declare a named constant for it
    ╭▸ test/WorkTreasuryTarget.t.sol:133:22
    │
133 │         heights[0] = 23;
    │                      ━━
    │
    ╰ help: https://getfoundry.sh/forge/linting/literal-instead-of-constant

note[literal-instead-of-constant]: this literal appears multiple times in the contract; declare a named constant for it
    ╭▸ test/WorkTreasuryTarget.t.sol:151:64
    │
151 │                 NativeReceiptAuth.SourcePosition({blockHeight: 23, transactionIndex: 1}), encodedTransaction
    │                                                                ━━
    │
    ╰ help: https://getfoundry.sh/forge/linting/literal-instead-of-constant

note[literal-instead-of-constant]: this literal appears multiple times in the contract; declare a named constant for it
    ╭▸ test/WorkTreasuryTarget.t.sol:160:28
    │
160 │         proofs[0] = _proof(24, firstBytes);
    │                            ━━
    │
    ╰ help: https://getfoundry.sh/forge/linting/literal-instead-of-constant

note[literal-instead-of-constant]: this literal appears multiple times in the contract; declare a named constant for it
    ╭▸ test/WorkTreasuryTarget.t.sol:161:28
    │
161 │         proofs[1] = _proof(25, secondBytes);
    │                            ━━
    │
    ╰ help: https://getfoundry.sh/forge/linting/literal-instead-of-constant

note[literal-instead-of-constant]: this literal appears multiple times in the contract; declare a named constant for it
    ╭▸ test/WorkTreasuryTarget.t.sol:174:64
    │
174 │                 NativeReceiptAuth.SourcePosition({blockHeight: 24, transactionIndex: 1}), firstBytes
    │                                                                ━━
    │
    ╰ help: https://getfoundry.sh/forge/linting/literal-instead-of-constant

note[literal-instead-of-constant]: this literal appears multiple times in the contract; declare a named constant for it
    ╭▸ test/WorkTreasuryTarget.t.sol:179:64
    │
179 │                 NativeReceiptAuth.SourcePosition({blockHeight: 25, transactionIndex: 1}), secondBytes
    │                                                                ━━
    │
    ╰ help: https://getfoundry.sh/forge/linting/literal-instead-of-constant

note[literal-instead-of-constant]: this literal appears multiple times in the contract; declare a named constant for it
    ╭▸ test/WorkTreasuryTarget.t.sol:185:45
    │
185 │         bytes32 epochId = _fund(_config(20, 100 ether, SPONSOR, REFUND, SAFE));
    │                                             ━━━━━━━━━
    │
    ╰ help: https://getfoundry.sh/forge/linting/literal-instead-of-constant

note[literal-instead-of-constant]: this literal appears multiple times in the contract; declare a named constant for it
    ╭▸ test/WorkTreasuryTarget.t.sol:186:84
    │
186 │         WorkTypes.Allocation memory work = _allocation(epochId, 1, WorkTypes.WORK, 60 ether, WORKER, DESTINATION);
    │                                                                                    ━━━━━━━━
    │
    ╰ help: https://getfoundry.sh/forge/linting/literal-instead-of-constant

note[literal-instead-of-constant]: this literal appears multiple times in the contract; declare a named constant for it
    ╭▸ test/WorkTreasuryTarget.t.sol:187:88
    │
187 │         WorkTypes.Allocation memory refund = _allocation(epochId, 2, WorkTypes.RETURN, 40 ether, REFUND, REFUND);
    │                                                                                        ━━━━━━━━
    │
    ╰ help: https://getfoundry.sh/forge/linting/literal-instead-of-constant

note[literal-instead-of-constant]: this literal appears multiple times in the contract; declare a named constant for it
    ╭▸ test/WorkTreasuryTarget.t.sol:189:57
    │
189 │         treasury.authenticateAndRecognizeReceipt(_proof(30, _encoded(1, _logs(_allocationLog(SOURCE, refund)))), 0);
    │                                                         ━━
    │
    ╰ help: https://getfoundry.sh/forge/linting/literal-instead-of-constant

note[literal-instead-of-constant]: this literal appears multiple times in the contract; declare a named constant for it
    ╭▸ test/WorkTreasuryTarget.t.sol:190:48
    │
190 │         assertEq(treasury.freeBalance(REFUND), 40 ether);
    │                                                ━━━━━━━━
    │
    ╰ help: https://getfoundry.sh/forge/linting/literal-instead-of-constant

note[literal-instead-of-constant]: this literal appears multiple times in the contract; declare a named constant for it
    ╭▸ test/WorkTreasuryTarget.t.sol:194:38
    │
194 │         assertEq(account.recognized, 100 ether);
    │                                      ━━━━━━━━━
    │
    ╰ help: https://getfoundry.sh/forge/linting/literal-instead-of-constant

note[literal-instead-of-constant]: this literal appears multiple times in the contract; declare a named constant for it
    ╭▸ test/WorkTreasuryTarget.t.sol:198:65
    │
198 │             epochId: epochId, root: root, leafCount: 1, earned: 60 ether, returned: 0, phase: WorkTypes.ACTIVE
    │                                                                 ━━━━━━━━
    │
    ╰ help: https://getfoundry.sh/forge/linting/literal-instead-of-constant

note[literal-instead-of-constant]: this literal appears multiple times in the contract; declare a named constant for it
    ╭▸ test/WorkTreasuryTarget.t.sol:209:41
    │
209 │         bytes32 epochId = _fund(_config(30, 100 ether, SPONSOR, REFUND, SAFE));
    │                                         ━━
    │
    ╰ help: https://getfoundry.sh/forge/linting/literal-instead-of-constant

note[literal-instead-of-constant]: this literal appears multiple times in the contract; declare a named constant for it
    ╭▸ test/WorkTreasuryTarget.t.sol:209:45
    │
209 │         bytes32 epochId = _fund(_config(30, 100 ether, SPONSOR, REFUND, SAFE));
    │                                             ━━━━━━━━━
    │
    ╰ help: https://getfoundry.sh/forge/linting/literal-instead-of-constant

note[literal-instead-of-constant]: this literal appears multiple times in the contract; declare a named constant for it
    ╭▸ test/WorkTreasuryTarget.t.sol:210:84
    │
210 │         WorkTypes.Allocation memory work = _allocation(epochId, 1, WorkTypes.WORK, 50 ether, WORKER, DESTINATION);
    │                                                                                    ━━━━━━━━
    │
    ╰ help: https://getfoundry.sh/forge/linting/literal-instead-of-constant

note[literal-instead-of-constant]: this literal appears multiple times in the contract; declare a named constant for it
    ╭▸ test/WorkTreasuryTarget.t.sol:213:65
    │
213 │             epochId: epochId, root: root, leafCount: 1, earned: 50 ether, returned: 0, phase: WorkTypes.ACTIVE
    │                                                                 ━━━━━━━━
    │
    ╰ help: https://getfoundry.sh/forge/linting/literal-instead-of-constant

note[literal-instead-of-constant]: this literal appears multiple times in the contract; declare a named constant for it
    ╭▸ test/WorkTreasuryTarget.t.sol:216:20
    │
216 │             _proof(40, _encoded(1, _logs(_checkpointLog(SOURCE, cp))));
    │                    ━━
    │
    ╰ help: https://getfoundry.sh/forge/linting/literal-instead-of-constant

note[literal-instead-of-constant]: this literal appears multiple times in the contract; declare a named constant for it
    ╭▸ test/WorkTreasuryTarget.t.sol:219:57
    │
219 │         treasury.authenticateAndRecognizeReceipt(_proof(41, _encoded(1, _logs(_allocationLog(SOURCE, work)))), 0);
    │                                                         ━━
    │
    ╰ help: https://getfoundry.sh/forge/linting/literal-instead-of-constant

note[literal-instead-of-constant]: this literal appears multiple times in the contract; declare a named constant for it
    ╭▸ test/WorkTreasuryTarget.t.sol:222:61
    │
222 │         NativeReceiptAuth.SingleProof memory fresh = _proof(99, freshBytes);
    │                                                             ━━
    │
    ╰ help: https://getfoundry.sh/forge/linting/literal-instead-of-constant

note[literal-instead-of-constant]: this literal appears multiple times in the contract; declare a named constant for it
    ╭▸ test/WorkTreasuryTarget.t.sol:224:60
    │
224 │             NativeReceiptAuth.SourcePosition({blockHeight: 99, transactionIndex: 1});
    │                                                            ━━
    │
    ╰ help: https://getfoundry.sh/forge/linting/literal-instead-of-constant

note[literal-instead-of-constant]: this literal appears multiple times in the contract; declare a named constant for it
    ╭▸ test/WorkTreasuryTarget.t.sol:236:35
    │
236 │         assertEq(account.reserve, 50 ether);
    │                                   ━━━━━━━━
    │
    ╰ help: https://getfoundry.sh/forge/linting/literal-instead-of-constant

note[literal-instead-of-constant]: this literal appears multiple times in the contract; declare a named constant for it
    ╭▸ test/WorkTreasuryTarget.t.sol:237:38
    │
237 │         assertEq(account.recognized, 50 ether);
    │                                      ━━━━━━━━
    │
    ╰ help: https://getfoundry.sh/forge/linting/literal-instead-of-constant

note[literal-instead-of-constant]: this literal appears multiple times in the contract; declare a named constant for it
    ╭▸ test/WorkTreasuryTarget.t.sol:238:52
    │
238 │         assertEq(treasury.totalReserveLiability(), 50 ether);
    │                                                    ━━━━━━━━
    │
    ╰ help: https://getfoundry.sh/forge/linting/literal-instead-of-constant

note[literal-instead-of-constant]: this literal appears multiple times in the contract; declare a named constant for it
    ╭▸ test/WorkTreasuryTarget.t.sol:239:50
    │
239 │         assertEq(treasury.totalClaimLiability(), 50 ether);
    │                                                  ━━━━━━━━
    │
    ╰ help: https://getfoundry.sh/forge/linting/literal-instead-of-constant

note[literal-instead-of-constant]: this literal appears multiple times in the contract; declare a named constant for it
    ╭▸ test/WorkTreasuryTarget.t.sol:240:46
    │
240 │         assertEq(treasury.liveLiabilities(), 100 ether);
    │                                              ━━━━━━━━━
    │
    ╰ help: https://getfoundry.sh/forge/linting/literal-instead-of-constant

note[literal-instead-of-constant]: this literal appears multiple times in the contract; declare a named constant for it
    ╭▸ test/WorkTreasuryTarget.t.sol:244:40
    │
244 │         bytes32 epochA = _fund(_config(40, 30 ether, SPONSOR, REFUND, SAFE));
    │                                        ━━
    │
    ╰ help: https://getfoundry.sh/forge/linting/literal-instead-of-constant

note[literal-instead-of-constant]: this literal appears multiple times in the contract; declare a named constant for it
    ╭▸ test/WorkTreasuryTarget.t.sol:244:44
    │
244 │         bytes32 epochA = _fund(_config(40, 30 ether, SPONSOR, REFUND, SAFE));
    │                                            ━━━━━━━━
    │
    ╰ help: https://getfoundry.sh/forge/linting/literal-instead-of-constant

note[literal-instead-of-constant]: this literal appears multiple times in the contract; declare a named constant for it
    ╭▸ test/WorkTreasuryTarget.t.sol:245:40
    │
245 │         bytes32 epochB = _fund(_config(41, 30 ether, SPONSOR, REFUND, SAFE));
    │                                        ━━
    │
    ╰ help: https://getfoundry.sh/forge/linting/literal-instead-of-constant

note[literal-instead-of-constant]: this literal appears multiple times in the contract; declare a named constant for it
    ╭▸ test/WorkTreasuryTarget.t.sol:245:44
    │
245 │         bytes32 epochB = _fund(_config(41, 30 ether, SPONSOR, REFUND, SAFE));
    │                                            ━━━━━━━━
    │
    ╰ help: https://getfoundry.sh/forge/linting/literal-instead-of-constant

note[literal-instead-of-constant]: this literal appears multiple times in the contract; declare a named constant for it
    ╭▸ test/WorkTreasuryTarget.t.sol:246:80
    │
246 │         WorkTypes.Allocation memory a = _allocation(epochA, 1, WorkTypes.WORK, 10 ether, WORKER, DESTINATION);
    │                                                                                ━━━━━━━━
    │
    ╰ help: https://getfoundry.sh/forge/linting/literal-instead-of-constant

note[literal-instead-of-constant]: this literal appears multiple times in the contract; declare a named constant for it
    ╭▸ test/WorkTreasuryTarget.t.sol:247:80
    │
247 │         WorkTypes.Allocation memory b = _allocation(epochB, 1, WorkTypes.WORK, 10 ether, WORKER, DESTINATION);
    │                                                                                ━━━━━━━━
    │
    ╰ help: https://getfoundry.sh/forge/linting/literal-instead-of-constant

note[literal-instead-of-constant]: this literal appears multiple times in the contract; declare a named constant for it
    ╭▸ test/WorkTreasuryTarget.t.sol:252:22
    │
252 │         heights[0] = 50;
    │                      ━━
    │
    ╰ help: https://getfoundry.sh/forge/linting/literal-instead-of-constant

note[literal-instead-of-constant]: this literal appears multiple times in the contract; declare a named constant for it
    ╭▸ test/WorkTreasuryTarget.t.sol:260:31
    │
260 │         segmented[0] = _proof(51, bytesB);
    │                               ━━
    │
    ╰ help: https://getfoundry.sh/forge/linting/literal-instead-of-constant

note[literal-instead-of-constant]: this literal appears multiple times in the contract; declare a named constant for it
    ╭▸ test/WorkTreasuryTarget.t.sol:266:60
    │
266 │             NativeReceiptAuth.SourcePosition({blockHeight: 50, transactionIndex: 1}), bytesA, 0
    │                                                            ━━
    │
    ╰ help: https://getfoundry.sh/forge/linting/literal-instead-of-constant

note[literal-instead-of-constant]: this literal appears multiple times in the contract; declare a named constant for it
    ╭▸ test/WorkTreasuryTarget.t.sol:269:60
    │
269 │             NativeReceiptAuth.SourcePosition({blockHeight: 51, transactionIndex: 1}), bytesB, 0
    │                                                            ━━
    │
    ╰ help: https://getfoundry.sh/forge/linting/literal-instead-of-constant

note[literal-instead-of-constant]: this literal appears multiple times in the contract; declare a named constant for it
    ╭▸ test/WorkTreasuryTarget.t.sol:275:41
    │
275 │         bytes32 epochId = _fund(_config(50, 10 ether, SPONSOR, REFUND, SAFE));
    │                                         ━━
    │
    ╰ help: https://getfoundry.sh/forge/linting/literal-instead-of-constant

note[literal-instead-of-constant]: this literal appears multiple times in the contract; declare a named constant for it
    ╭▸ test/WorkTreasuryTarget.t.sol:275:45
    │
275 │         bytes32 epochId = _fund(_config(50, 10 ether, SPONSOR, REFUND, SAFE));
    │                                             ━━━━━━━━
    │
    ╰ help: https://getfoundry.sh/forge/linting/literal-instead-of-constant

note[literal-instead-of-constant]: this literal appears multiple times in the contract; declare a named constant for it
    ╭▸ test/WorkTreasuryTarget.t.sol:276:84
    │
276 │         WorkTypes.Allocation memory work = _allocation(epochId, 1, WorkTypes.WORK, 10 ether, WORKER, address(rejecter));
    │                                                                                    ━━━━━━━━
    │
    ╰ help: https://getfoundry.sh/forge/linting/literal-instead-of-constant

note[literal-instead-of-constant]: this literal appears multiple times in the contract; declare a named constant for it
    ╭▸ test/WorkTreasuryTarget.t.sol:277:57
    │
277 │         treasury.authenticateAndRecognizeReceipt(_proof(60, _encoded(1, _logs(_allocationLog(SOURCE, work)))), 0);
    │                                                         ━━
    │
    ╰ help: https://getfoundry.sh/forge/linting/literal-instead-of-constant

note[literal-instead-of-constant]: this literal appears multiple times in the contract; declare a named constant for it
    ╭▸ test/WorkTreasuryTarget.t.sol:285:43
    │
285 │         assertEq(WORKER.balance, before + 10 ether);
    │                                           ━━━━━━━━
    │
    ╰ help: https://getfoundry.sh/forge/linting/literal-instead-of-constant

note[literal-instead-of-constant]: this literal appears multiple times in the contract; declare a named constant for it
    ╭▸ test/WorkTreasuryTarget.t.sol:292:45
    │
292 │         bytes32 epochId = _fund(_config(55, 20 ether, SPONSOR, address(rejecter), SAFE));
    │                                             ━━━━━━━━
    │
    ╰ help: https://getfoundry.sh/forge/linting/literal-instead-of-constant

note[literal-instead-of-constant]: this literal appears multiple times in the contract; declare a named constant for it
    ╭▸ test/WorkTreasuryTarget.t.sol:293:84
    │
293 │         WorkTypes.Allocation memory work = _allocation(epochId, 1, WorkTypes.WORK, 10 ether, WORKER, DESTINATION);
    │                                                                                    ━━━━━━━━
    │
    ╰ help: https://getfoundry.sh/forge/linting/literal-instead-of-constant

note[literal-instead-of-constant]: this literal appears multiple times in the contract; declare a named constant for it
    ╭▸ test/WorkTreasuryTarget.t.sol:295:55
    │
295 │             _allocation(epochId, 2, WorkTypes.RETURN, 10 ether, address(rejecter), address(rejecter));
    │                                                       ━━━━━━━━
    │
    ╰ help: https://getfoundry.sh/forge/linting/literal-instead-of-constant

note[literal-instead-of-constant]: this literal appears multiple times in the contract; declare a named constant for it
    ╭▸ test/WorkTreasuryTarget.t.sol:305:62
    │
305 │         treasury.withdrawFreeFor(payable(address(rejecter)), 10 ether);
    │                                                              ━━━━━━━━
    │
    ╰ help: https://getfoundry.sh/forge/linting/literal-instead-of-constant

note[literal-instead-of-constant]: this literal appears multiple times in the contract; declare a named constant for it
    ╭▸ test/WorkTreasuryTarget.t.sol:306:59
    │
306 │         assertEq(treasury.freeBalance(address(rejecter)), 10 ether);
    │                                                           ━━━━━━━━
    │
    ╰ help: https://getfoundry.sh/forge/linting/literal-instead-of-constant

note[literal-instead-of-constant]: this literal appears multiple times in the contract; declare a named constant for it
    ╭▸ test/WorkTreasuryTarget.t.sol:308:38
    │
308 │         treasury.ownerWithdrawFreeTo(10 ether, payable(REFUND));
    │                                      ━━━━━━━━
    │
    ╰ help: https://getfoundry.sh/forge/linting/literal-instead-of-constant

note[literal-instead-of-constant]: this literal appears multiple times in the contract; declare a named constant for it
    ╭▸ test/WorkTreasuryTarget.t.sol:310:34
    │
310 │         assertEq(REFUND.balance, 10 ether);
    │                                  ━━━━━━━━
    │
    ╰ help: https://getfoundry.sh/forge/linting/literal-instead-of-constant

note[literal-instead-of-constant]: this literal appears multiple times in the contract; declare a named constant for it
    ╭▸ test/WorkTreasuryTarget.t.sol:312:49
    │
312 │         bytes32 fixedFirstEpoch = _fund(_config(56, 10 ether, SPONSOR, REFUND, SAFE));
    │                                                 ━━
    │
    ╰ help: https://getfoundry.sh/forge/linting/literal-instead-of-constant

note[literal-instead-of-constant]: this literal appears multiple times in the contract; declare a named constant for it
    ╭▸ test/WorkTreasuryTarget.t.sol:312:53
    │
312 │         bytes32 fixedFirstEpoch = _fund(_config(56, 10 ether, SPONSOR, REFUND, SAFE));
    │                                                     ━━━━━━━━
    │
    ╰ help: https://getfoundry.sh/forge/linting/literal-instead-of-constant

note[literal-instead-of-constant]: this literal appears multiple times in the contract; declare a named constant for it
    ╭▸ test/WorkTreasuryTarget.t.sol:314:63
    │
314 │             _allocation(fixedFirstEpoch, 1, WorkTypes.RETURN, 10 ether, REFUND, REFUND);
    │                                                               ━━━━━━━━
    │
    ╰ help: https://getfoundry.sh/forge/linting/literal-instead-of-constant

note[literal-instead-of-constant]: this literal appears multiple times in the contract; declare a named constant for it
    ╭▸ test/WorkTreasuryTarget.t.sol:319:51
    │
319 │         treasury.withdrawFreeFor(payable(REFUND), 10 ether);
    │                                                   ━━━━━━━━
    │
    ╰ help: https://getfoundry.sh/forge/linting/literal-instead-of-constant

note[literal-instead-of-constant]: this literal appears multiple times in the contract; declare a named constant for it
    ╭▸ test/WorkTreasuryTarget.t.sol:320:49
    │
320 │         assertEq(REFUND.balance, refundBefore + 10 ether);
    │                                                 ━━━━━━━━
    │
    ╰ help: https://getfoundry.sh/forge/linting/literal-instead-of-constant

note[literal-instead-of-constant]: this literal appears multiple times in the contract; declare a named constant for it
    ╭▸ test/WorkTreasuryTarget.t.sol:323:38
    │
323 │         treasury.ownerWithdrawFreeTo(10 ether, payable(FOREIGN));
    │                                      ━━━━━━━━
    │
    ╰ help: https://getfoundry.sh/forge/linting/literal-instead-of-constant

note[literal-instead-of-constant]: this literal appears multiple times in the contract; declare a named constant for it
    ╭▸ test/WorkTreasuryTarget.t.sol:325:53
    │
325 │         bytes32 ownerFirstEpoch = _fund(_config(57, 10 ether, SPONSOR, REFUND, SAFE));
    │                                                     ━━━━━━━━
    │
    ╰ help: https://getfoundry.sh/forge/linting/literal-instead-of-constant

note[literal-instead-of-constant]: this literal appears multiple times in the contract; declare a named constant for it
    ╭▸ test/WorkTreasuryTarget.t.sol:327:63
    │
327 │             _allocation(ownerFirstEpoch, 1, WorkTypes.RETURN, 10 ether, REFUND, REFUND);
    │                                                               ━━━━━━━━
    │
    ╰ help: https://getfoundry.sh/forge/linting/literal-instead-of-constant

note[literal-instead-of-constant]: this literal appears multiple times in the contract; declare a named constant for it
    ╭▸ test/WorkTreasuryTarget.t.sol:333:38
    │
333 │         treasury.ownerWithdrawFreeTo(10 ether, payable(FOREIGN));
    │                                      ━━━━━━━━
    │
    ╰ help: https://getfoundry.sh/forge/linting/literal-instead-of-constant

note[literal-instead-of-constant]: this literal appears multiple times in the contract; declare a named constant for it
    ╭▸ test/WorkTreasuryTarget.t.sol:334:51
    │
334 │         assertEq(FOREIGN.balance, foreignBefore + 10 ether);
    │                                                   ━━━━━━━━
    │
    ╰ help: https://getfoundry.sh/forge/linting/literal-instead-of-constant

note[literal-instead-of-constant]: this literal appears multiple times in the contract; declare a named constant for it
    ╭▸ test/WorkTreasuryTarget.t.sol:336:51
    │
336 │         treasury.withdrawFreeFor(payable(REFUND), 10 ether);
    │                                                   ━━━━━━━━
    │
    ╰ help: https://getfoundry.sh/forge/linting/literal-instead-of-constant

note[literal-instead-of-constant]: this literal appears multiple times in the contract; declare a named constant for it
    ╭▸ test/WorkTreasuryTarget.t.sol:341:41
    │
341 │         bytes32 epochId = _fund(_config(56, 20 ether, SPONSOR, REFUND, SAFE));
    │                                         ━━
    │
    ╰ help: https://getfoundry.sh/forge/linting/literal-instead-of-constant

note[literal-instead-of-constant]: this literal appears multiple times in the contract; declare a named constant for it
    ╭▸ test/WorkTreasuryTarget.t.sol:341:45
    │
341 │         bytes32 epochId = _fund(_config(56, 20 ether, SPONSOR, REFUND, SAFE));
    │                                             ━━━━━━━━
    │
    ╰ help: https://getfoundry.sh/forge/linting/literal-instead-of-constant

note[literal-instead-of-constant]: this literal appears multiple times in the contract; declare a named constant for it
    ╭▸ test/WorkTreasuryTarget.t.sol:342:84
    │
342 │         WorkTypes.Allocation memory work = _allocation(epochId, 1, WorkTypes.WORK, 10 ether, WORKER, DESTINATION);
    │                                                                                    ━━━━━━━━
    │
    ╰ help: https://getfoundry.sh/forge/linting/literal-instead-of-constant

note[literal-instead-of-constant]: this literal appears multiple times in the contract; declare a named constant for it
    ╭▸ test/WorkTreasuryTarget.t.sol:353:65
    │
353 │             epochId: epochId, root: root, leafCount: 1, earned: 10 ether, returned: 0, phase: WorkTypes.DRAINING
    │                                                                 ━━━━━━━━
    │
    ╰ help: https://getfoundry.sh/forge/linting/literal-instead-of-constant

note[literal-instead-of-constant]: this literal appears multiple times in the contract; declare a named constant for it
    ╭▸ test/WorkTreasuryTarget.t.sol:366:40
    │
366 │         bytes32 epochA = _fund(_config(60, 10 ether, SPONSOR, REFUND, SAFE));
    │                                        ━━
    │
    ╰ help: https://getfoundry.sh/forge/linting/literal-instead-of-constant

note[literal-instead-of-constant]: this literal appears multiple times in the contract; declare a named constant for it
    ╭▸ test/WorkTreasuryTarget.t.sol:366:44
    │
366 │         bytes32 epochA = _fund(_config(60, 10 ether, SPONSOR, REFUND, SAFE));
    │                                            ━━━━━━━━
    │
    ╰ help: https://getfoundry.sh/forge/linting/literal-instead-of-constant

note[literal-instead-of-constant]: this literal appears multiple times in the contract; declare a named constant for it
    ╭▸ test/WorkTreasuryTarget.t.sol:367:80
    │
367 │         WorkTypes.Allocation memory a = _allocation(epochA, 1, WorkTypes.WORK, 10 ether, WORKER, address(lock));
    │                                                                                ━━━━━━━━
    │
    ╰ help: https://getfoundry.sh/forge/linting/literal-instead-of-constant

note[literal-instead-of-constant]: this literal appears multiple times in the contract; declare a named constant for it
    ╭▸ test/WorkTreasuryTarget.t.sol:368:57
    │
368 │         treasury.authenticateAndRecognizeReceipt(_proof(70, _encoded(1, _logs(_allocationLog(SOURCE, a)))), 0);
    │                                                         ━━
    │
    ╰ help: https://getfoundry.sh/forge/linting/literal-instead-of-constant

note[literal-instead-of-constant]: this literal appears multiple times in the contract; declare a named constant for it
    ╭▸ test/WorkTreasuryTarget.t.sol:370:41
    │
370 │         assertEq(address(lock).balance, 10 ether);
    │                                         ━━━━━━━━
    │
    ╰ help: https://getfoundry.sh/forge/linting/literal-instead-of-constant

note[literal-instead-of-constant]: this literal appears multiple times in the contract; declare a named constant for it
    ╭▸ test/WorkTreasuryTarget.t.sol:384:44
    │
384 │         bytes32 epochB = _fund(_config(61, 10 ether, SPONSOR, REFUND, SAFE));
    │                                            ━━━━━━━━
    │
    ╰ help: https://getfoundry.sh/forge/linting/literal-instead-of-constant

note[literal-instead-of-constant]: this literal appears multiple times in the contract; declare a named constant for it
    ╭▸ test/WorkTreasuryTarget.t.sol:385:80
    │
385 │         WorkTypes.Allocation memory b = _allocation(epochB, 1, WorkTypes.WORK, 10 ether, WORKER, address(lock));
    │                                                                                ━━━━━━━━
    │
    ╰ help: https://getfoundry.sh/forge/linting/literal-instead-of-constant

note[literal-instead-of-constant]: this literal appears multiple times in the contract; declare a named constant for it
    ╭▸ test/WorkTreasuryTarget.t.sol:386:57
    │
386 │         treasury.authenticateAndRecognizeReceipt(_proof(71, _encoded(1, _logs(_allocationLog(SOURCE, b)))), 0);
    │                                                         ━━
    │
    ╰ help: https://getfoundry.sh/forge/linting/literal-instead-of-constant

note[literal-instead-of-constant]: this literal appears multiple times in the contract; declare a named constant for it
    ╭▸ test/WorkTreasuryTarget.t.sol:390:43
    │
390 │         assertEq(WORKER.balance, before + 10 ether);
    │                                           ━━━━━━━━
    │
    ╰ help: https://getfoundry.sh/forge/linting/literal-instead-of-constant

note[literal-instead-of-constant]: this literal appears multiple times in the contract; declare a named constant for it
    ╭▸ test/WorkTreasuryTarget.t.sol:396:41
    │
396 │         bytes32 epochId = _fund(_config(70, 20 ether, SPONSOR, REFUND, SAFE));
    │                                         ━━
    │
    ╰ help: https://getfoundry.sh/forge/linting/literal-instead-of-constant

note[literal-instead-of-constant]: this literal appears multiple times in the contract; declare a named constant for it
    ╭▸ test/WorkTreasuryTarget.t.sol:396:45
    │
396 │         bytes32 epochId = _fund(_config(70, 20 ether, SPONSOR, REFUND, SAFE));
    │                                             ━━━━━━━━
    │
    ╰ help: https://getfoundry.sh/forge/linting/literal-instead-of-constant

note[literal-instead-of-constant]: this literal appears multiple times in the contract; declare a named constant for it
    ╭▸ test/WorkTreasuryTarget.t.sol:397:82
    │
397 │         WorkTypes.Allocation memory fee = _allocation(epochId, 1, WorkTypes.FEE, 10 ether, WORKER, DESTINATION);
    │                                                                                  ━━━━━━━━
    │
    ╰ help: https://getfoundry.sh/forge/linting/literal-instead-of-constant

note[literal-instead-of-constant]: this literal appears multiple times in the contract; declare a named constant for it
    ╭▸ test/WorkTreasuryTarget.t.sol:406:43
    │
406 │         bytes32 workEpoch = _fund(_config(71, 10 ether, SPONSOR, REFUND, SAFE));
    │                                           ━━
    │
    ╰ help: https://getfoundry.sh/forge/linting/literal-instead-of-constant

note[literal-instead-of-constant]: this literal appears multiple times in the contract; declare a named constant for it
    ╭▸ test/WorkTreasuryTarget.t.sol:406:47
    │
406 │         bytes32 workEpoch = _fund(_config(71, 10 ether, SPONSOR, REFUND, SAFE));
    │                                               ━━━━━━━━
    │
    ╰ help: https://getfoundry.sh/forge/linting/literal-instead-of-constant

note[literal-instead-of-constant]: this literal appears multiple times in the contract; declare a named constant for it
    ╭▸ test/WorkTreasuryTarget.t.sol:407:86
    │
407 │         WorkTypes.Allocation memory work = _allocation(workEpoch, 1, WorkTypes.WORK, 10 ether, WORKER, DESTINATION);
    │                                                                                      ━━━━━━━━
    │
    ╰ help: https://getfoundry.sh/forge/linting/literal-instead-of-constant

note[literal-instead-of-constant]: this literal appears multiple times in the contract; declare a named constant for it
    ╭▸ test/WorkTreasuryTarget.t.sol:489:49
    │
489 │         bytes32[] memory topics = new bytes32[](3);
    │                                                 ━
    │
    ╰ help: https://getfoundry.sh/forge/linting/literal-instead-of-constant

note[literal-instead-of-constant]: this literal appears multiple times in the contract; declare a named constant for it
    ╭▸ test/WorkTreasuryTarget.t.sol:541:45
    │
541 │         bytes[] memory chunks = new bytes[](3);
    │                                             ━
    │
    ╰ help: https://getfoundry.sh/forge/linting/literal-instead-of-constant

warning[arbitrary-send-eth]: ETH is sent to a user-controlled destination; restrict the destination or the caller
   ╭▸ test/WorkTreasuryTarget.t.sol:43:27
   │
43 │         bytes32 firstId = treasury.fundEpoch{value: 130 ether}(first);
   │                           ━━━━━━━━━━━━━━━━━━━━━━━━━━━━━━━━━━━━━━━━━━━
   │
   ╰ help: https://getfoundry.sh/forge/linting/arbitrary-send-eth

warning[unused-return]: Return value of an external call is not used
   ╭▸ test/WorkTreasuryTarget.t.sol:51:9
   │
51 │         treasury.authenticateAndRecognizeReceipt(_proof(10, _encoded(1, _logs(_allocationLog(SOURCE, refund)))), 0);
   │         ━━━━━━━━━━━━━━━━━━━━━━━━━━━━━━━━━━━━━━━━━━━━━━━━━━━━━━━━━━━━━━━━━━━━━━━━━━━━━━━━━━━━━━━━━━━━━━━━━━━━━━━━━━━
   │
   ╰ help: https://getfoundry.sh/forge/linting/unused-return

warning[unused-return]: Return value of an external call is not used
   ╭▸ test/WorkTreasuryTarget.t.sol:57:9
   │
57 │         treasury.fundEpochFromFree(successor);
   │         ━━━━━━━━━━━━━━━━━━━━━━━━━━━━━━━━━━━━━
   │
   ╰ help: https://getfoundry.sh/forge/linting/unused-return

warning[unused-return]: Return value of an external call is not used
   ╭▸ test/WorkTreasuryTarget.t.sol:84:63
   │
84 │         (NativeReceiptAuth.SourcePosition memory position,) = treasury.authenticateTransaction(_proof(21, exactBytes));
   │                                                               ━━━━━━━━━━━━━━━━━━━━━━━━━━━━━━━━━━━━━━━━━━━━━━━━━━━━━━━━
   │
   ╰ help: https://getfoundry.sh/forge/linting/unused-return

warning[unused-return]: Return value of an external call is not used
   ╭▸ test/WorkTreasuryTarget.t.sol:87:9
   │
87 │         treasury.recognizeFromReceipt(position, exactBytes, 1);
   │         ━━━━━━━━━━━━━━━━━━━━━━━━━━━━━━━━━━━━━━━━━━━━━━━━━━━━━━
   │
   ╰ help: https://getfoundry.sh/forge/linting/unused-return

warning[unused-return]: Return value of an external call is not used
   ╭▸ test/WorkTreasuryTarget.t.sol:89:9
   │
89 │         treasury.recognizeFromReceipt(position, exactBytes, 4);
   │         ━━━━━━━━━━━━━━━━━━━━━━━━━━━━━━━━━━━━━━━━━━━━━━━━━━━━━━
   │
   ╰ help: https://getfoundry.sh/forge/linting/unused-return

warning[unused-return]: Return value of an external call is not used
   ╭▸ test/WorkTreasuryTarget.t.sol:93:9
   │
93 │         treasury.recognizeFromReceipt(position, changedBytes, 2);
   │         ━━━━━━━━━━━━━━━━━━━━━━━━━━━━━━━━━━━━━━━━━━━━━━━━━━━━━━━━
   │
   ╰ help: https://getfoundry.sh/forge/linting/unused-return

warning[unused-return]: Return value of an external call is not used
   ╭▸ test/WorkTreasuryTarget.t.sol:98:9
   │
98 │         treasury.recognizeFromReceipt(position, exactBytes, 3);
   │         ━━━━━━━━━━━━━━━━━━━━━━━━━━━━━━━━━━━━━━━━━━━━━━━━━━━━━━
   │
   ╰ help: https://getfoundry.sh/forge/linting/unused-return

warning[unused-return]: Return value of an external call is not used
   ╭▸ test/WorkTreasuryTarget.t.sol:99:9
   │
99 │         treasury.recognizeFromReceipt(position, exactBytes, 2);
   │         ━━━━━━━━━━━━━━━━━━━━━━━━━━━━━━━━━━━━━━━━━━━━━━━━━━━━━━
   │
   ╰ help: https://getfoundry.sh/forge/linting/unused-return

warning[unused-return]: Return value of an external call is not used
    ╭▸ test/WorkTreasuryTarget.t.sol:118:9
    │
118 │         treasury.authenticateAndRecognizeReceipt(forgedProof, 0);
    │         ━━━━━━━━━━━━━━━━━━━━━━━━━━━━━━━━━━━━━━━━━━━━━━━━━━━━━━━━
    │
    ╰ help: https://getfoundry.sh/forge/linting/unused-return

warning[unused-return]: Return value of an external call is not used
    ╭▸ test/WorkTreasuryTarget.t.sol:147:9
    │
147 │         treasury.authenticateBatch(heights, transactions, merkleProofs, continuityProof);
    │         ━━━━━━━━━━━━━━━━━━━━━━━━━━━━━━━━━━━━━━━━━━━━━━━━━━━━━━━━━━━━━━━━━━━━━━━━━━━━━━━━
    │
    ╰ help: https://getfoundry.sh/forge/linting/unused-return

warning[unused-return]: Return value of an external call is not used
    ╭▸ test/WorkTreasuryTarget.t.sol:170:9
    │
170 │         treasury.authenticateSegmented(proofs);
    │         ━━━━━━━━━━━━━━━━━━━━━━━━━━━━━━━━━━━━━━
    │
    ╰ help: https://getfoundry.sh/forge/linting/unused-return

warning[unused-return]: Return value of an external call is not used
    ╭▸ test/WorkTreasuryTarget.t.sol:189:9
    │
189 │         treasury.authenticateAndRecognizeReceipt(_proof(30, _encoded(1, _logs(_allocationLog(SOURCE, refund)))), 0);
    │         ━━━━━━━━━━━━━━━━━━━━━━━━━━━━━━━━━━━━━━━━━━━━━━━━━━━━━━━━━━━━━━━━━━━━━━━━━━━━━━━━━━━━━━━━━━━━━━━━━━━━━━━━━━━
    │
    ╰ help: https://getfoundry.sh/forge/linting/unused-return

warning[unused-return]: Return value of an external call is not used
    ╭▸ test/WorkTreasuryTarget.t.sol:191:9
    │
191 │         treasury.authenticateAndRecognizeReceipt(_proof(31, _encoded(1, _logs(_allocationLog(SOURCE, work)))), 0);
    │         ━━━━━━━━━━━━━━━━━━━━━━━━━━━━━━━━━━━━━━━━━━━━━━━━━━━━━━━━━━━━━━━━━━━━━━━━━━━━━━━━━━━━━━━━━━━━━━━━━━━━━━━━━
    │
    ╰ help: https://getfoundry.sh/forge/linting/unused-return

warning[unused-return]: Return value of an external call is not used
    ╭▸ test/WorkTreasuryTarget.t.sol:202:13
    │
202 │             treasury.authenticateTransaction(_proof(32, checkpointBytes));
    │             ━━━━━━━━━━━━━━━━━━━━━━━━━━━━━━━━━━━━━━━━━━━━━━━━━━━━━━━━━━━━━
    │
    ╰ help: https://getfoundry.sh/forge/linting/unused-return

warning[unused-return]: Return value of an external call is not used
    ╭▸ test/WorkTreasuryTarget.t.sol:205:9
    │
205 │         treasury.recognizeFromCheckpoint(checkpointId, work, siblings);
    │         ━━━━━━━━━━━━━━━━━━━━━━━━━━━━━━━━━━━━━━━━━━━━━━━━━━━━━━━━━━━━━━
    │
    ╰ help: https://getfoundry.sh/forge/linting/unused-return

warning[unused-return]: Return value of an external call is not used
    ╭▸ test/WorkTreasuryTarget.t.sol:217:36
    │
217 │         (, bytes32 checkpointId) = treasury.authenticateAndRecognizeCheckpoint(checkpointProof, 0, work, siblings);
    │                                    ━━━━━━━━━━━━━━━━━━━━━━━━━━━━━━━━━━━━━━━━━━━━━━━━━━━━━━━━━━━━━━━━━━━━━━━━━━━━━━━
    │
    ╰ help: https://getfoundry.sh/forge/linting/unused-return

warning[unused-return]: Return value of an external call is not used
    ╭▸ test/WorkTreasuryTarget.t.sol:219:9
    │
219 │         treasury.authenticateAndRecognizeReceipt(_proof(41, _encoded(1, _logs(_allocationLog(SOURCE, work)))), 0);
    │         ━━━━━━━━━━━━━━━━━━━━━━━━━━━━━━━━━━━━━━━━━━━━━━━━━━━━━━━━━━━━━━━━━━━━━━━━━━━━━━━━━━━━━━━━━━━━━━━━━━━━━━━━━
    │
    ╰ help: https://getfoundry.sh/forge/linting/unused-return

warning[unused-return]: Return value of an external call is not used
    ╭▸ test/WorkTreasuryTarget.t.sol:230:9
    │
230 │         treasury.authenticateAndRecognizeCheckpoint(fresh, 0, altered, siblings);
    │         ━━━━━━━━━━━━━━━━━━━━━━━━━━━━━━━━━━━━━━━━━━━━━━━━━━━━━━━━━━━━━━━━━━━━━━━━
    │
    ╰ help: https://getfoundry.sh/forge/linting/unused-return

warning[unused-return]: Return value of an external call is not used
    ╭▸ test/WorkTreasuryTarget.t.sol:256:41
    │
256 │         (, bytes32[] memory batchIds) = treasury.authenticateBatch(heights, txs, mps, _continuity());
    │                                         ━━━━━━━━━━━━━━━━━━━━━━━━━━━━━━━━━━━━━━━━━━━━━━━━━━━━━━━━━━━━
    │
    ╰ help: https://getfoundry.sh/forge/linting/unused-return

warning[unused-return]: Return value of an external call is not used
    ╭▸ test/WorkTreasuryTarget.t.sol:261:45
    │
261 │         (, bytes32[] memory segmentedIds) = treasury.authenticateSegmented(segmented);
    │                                             ━━━━━━━━━━━━━━━━━━━━━━━━━━━━━━━━━━━━━━━━━
    │
    ╰ help: https://getfoundry.sh/forge/linting/unused-return

warning[unused-return]: Return value of an external call is not used
    ╭▸ test/WorkTreasuryTarget.t.sol:265:9
    │
265 │ ┏         treasury.recognizeFromReceipt(
266 │ ┃             NativeReceiptAuth.SourcePosition({blockHeight: 50, transactionIndex: 1}), bytesA, 0
267 │ ┃         );
    │ ┗━━━━━━━━━┛
    │
    ╰ help: https://getfoundry.sh/forge/linting/unused-return

warning[unused-return]: Return value of an external call is not used
    ╭▸ test/WorkTreasuryTarget.t.sol:268:9
    │
268 │ ┏         treasury.recognizeFromReceipt(
269 │ ┃             NativeReceiptAuth.SourcePosition({blockHeight: 51, transactionIndex: 1}), bytesB, 0
270 │ ┃         );
    │ ┗━━━━━━━━━┛
    │
    ╰ help: https://getfoundry.sh/forge/linting/unused-return

note[literal-instead-of-constant]: this literal appears multiple times in the contract; declare a named constant for it
   ╭▸ test/AdversarialIntegration.t.sol:76:68
   │
76 │         WorkTypes.OrderTerms memory monitored = _terms(epochId, 3, 10, 1, 4);
   │                                                                    ━━
   │
   ╰ help: https://getfoundry.sh/forge/linting/literal-instead-of-constant

note[literal-instead-of-constant]: this literal appears multiple times in the contract; declare a named constant for it
   ╭▸ test/AdversarialIntegration.t.sol:76:75
   │
76 │         WorkTypes.OrderTerms memory monitored = _terms(epochId, 3, 10, 1, 4);
   │                                                                           ━
   │
   ╰ help: https://getfoundry.sh/forge/linting/literal-instead-of-constant

note[literal-instead-of-constant]: this literal appears multiple times in the contract; declare a named constant for it
   ╭▸ test/AdversarialIntegration.t.sol:90:60
   │
90 │         assertEq(source.milestone(monitoredId, 0).outcome, 5);
   │                                                            ━
   │
   ╰ help: https://getfoundry.sh/forge/linting/literal-instead-of-constant

note[literal-instead-of-constant]: this literal appears multiple times in the contract; declare a named constant for it
   ╭▸ test/AdversarialIntegration.t.sol:92:61
   │
92 │         WorkTypes.OrderTerms memory ruled = _terms(epochId, 4, 10, 1, 4);
   │                                                             ━
   │
   ╰ help: https://getfoundry.sh/forge/linting/literal-instead-of-constant

note[literal-instead-of-constant]: this literal appears multiple times in the contract; declare a named constant for it
   ╭▸ test/AdversarialIntegration.t.sol:92:64
   │
92 │         WorkTypes.OrderTerms memory ruled = _terms(epochId, 4, 10, 1, 4);
   │                                                                ━━
   │
   ╰ help: https://getfoundry.sh/forge/linting/literal-instead-of-constant

note[literal-instead-of-constant]: this literal appears multiple times in the contract; declare a named constant for it
   ╭▸ test/AdversarialIntegration.t.sol:92:71
   │
92 │         WorkTypes.OrderTerms memory ruled = _terms(epochId, 4, 10, 1, 4);
   │                                                                       ━
   │
   ╰ help: https://getfoundry.sh/forge/linting/literal-instead-of-constant

note[literal-instead-of-constant]: this literal appears multiple times in the contract; declare a named constant for it
    ╭▸ test/AdversarialIntegration.t.sol:102:45
    │
102 │         source.submitRulingVote(ruledId, 0, 4, 7, committee1, "");
    │                                             ━
    │
    ╰ help: https://getfoundry.sh/forge/linting/literal-instead-of-constant

note[literal-instead-of-constant]: this literal appears multiple times in the contract; declare a named constant for it
    ╭▸ test/AdversarialIntegration.t.sol:102:48
    │
102 │         source.submitRulingVote(ruledId, 0, 4, 7, committee1, "");
    │                                                ━
    │
    ╰ help: https://getfoundry.sh/forge/linting/literal-instead-of-constant

note[literal-instead-of-constant]: this literal appears multiple times in the contract; declare a named constant for it
    ╭▸ test/AdversarialIntegration.t.sol:104:56
    │
104 │         assertEq(source.milestone(ruledId, 0).outcome, 7);
    │                                                        ━
    │
    ╰ help: https://getfoundry.sh/forge/linting/literal-instead-of-constant

note[literal-instead-of-constant]: this literal appears multiple times in the contract; declare a named constant for it
    ╭▸ test/AdversarialIntegration.t.sol:110:93
    │
110 │         bytes memory malformedZeroRecovery = abi.encodePacked(bytes32(0), bytes32(0), uint8(27));
    │                                                                                             ━━
    │
    ╰ help: https://getfoundry.sh/forge/linting/literal-instead-of-constant

note[literal-instead-of-constant]: this literal appears multiple times in the contract; declare a named constant for it
    ╭▸ test/AdversarialIntegration.t.sol:112:54
    │
112 │         source.revokeQuoteNonce(epochId, address(0), 77, malformedZeroRecovery);
    │                                                      ━━
    │
    ╰ help: https://getfoundry.sh/forge/linting/literal-instead-of-constant

note[literal-instead-of-constant]: this literal appears multiple times in the contract; declare a named constant for it
    ╭▸ test/AdversarialIntegration.t.sol:113:62
    │
113 │         assertEq(source.quoteNonceState(epochId, address(0), 77), 0);
    │                                                              ━━
    │
    ╰ help: https://getfoundry.sh/forge/linting/literal-instead-of-constant

note[literal-instead-of-constant]: this literal appears multiple times in the contract; declare a named constant for it
    ╭▸ test/AdversarialIntegration.t.sol:115:64
    │
115 │         WorkTypes.OrderTerms memory terms = _terms(epochId, 1, 10, 2, 3);
    │                                                                ━━
    │
    ╰ help: https://getfoundry.sh/forge/linting/literal-instead-of-constant

note[literal-instead-of-constant]: this literal appears multiple times in the contract; declare a named constant for it
    ╭▸ test/AdversarialIntegration.t.sol:115:71
    │
115 │         WorkTypes.OrderTerms memory terms = _terms(epochId, 1, 10, 2, 3);
    │                                                                       ━
    │
    ╰ help: https://getfoundry.sh/forge/linting/literal-instead-of-constant

note[literal-instead-of-constant]: this literal appears multiple times in the contract; declare a named constant for it
    ╭▸ test/AdversarialIntegration.t.sol:119:63
    │
119 │         bytes32 staleDigest = source.mutualDigest(orderId, 0, 5, 1);
    │                                                               ━
    │
    ╰ help: https://getfoundry.sh/forge/linting/literal-instead-of-constant

note[literal-instead-of-constant]: this literal appears multiple times in the contract; declare a named constant for it
    ╭▸ test/AdversarialIntegration.t.sol:126:43
    │
126 │         source.settleMutually(orderId, 0, 5, 1, staleBuyer, staleWorker);
    │                                           ━
    │
    ╰ help: https://getfoundry.sh/forge/linting/literal-instead-of-constant

note[literal-instead-of-constant]: this literal appears multiple times in the contract; declare a named constant for it
    ╭▸ test/AdversarialIntegration.t.sol:128:65
    │
128 │         bytes32 currentDigest = source.mutualDigest(orderId, 0, 5, 1);
    │                                                                 ━
    │
    ╰ help: https://getfoundry.sh/forge/linting/literal-instead-of-constant

note[literal-instead-of-constant]: this literal appears multiple times in the contract; declare a named constant for it
    ╭▸ test/AdversarialIntegration.t.sol:134:43
    │
134 │         source.settleMutually(orderId, 0, 5, 1, currentBuyer, currentWorker);
    │                                           ━
    │
    ╰ help: https://getfoundry.sh/forge/linting/literal-instead-of-constant

note[literal-instead-of-constant]: this literal appears multiple times in the contract; declare a named constant for it
    ╭▸ test/AdversarialIntegration.t.sol:136:63
    │
136 │         bytes32 replacement = source.mutualDigest(orderId, 0, 5, 2);
    │                                                               ━
    │
    ╰ help: https://getfoundry.sh/forge/linting/literal-instead-of-constant

note[literal-instead-of-constant]: this literal appears multiple times in the contract; declare a named constant for it
    ╭▸ test/AdversarialIntegration.t.sol:137:43
    │
137 │         source.settleMutually(orderId, 0, 5, 2, _sign(BUYER_KEY, replacement), _sign(WORKER_KEY, replacement));
    │                                           ━
    │
    ╰ help: https://getfoundry.sh/forge/linting/literal-instead-of-constant

note[literal-instead-of-constant]: this literal appears multiple times in the contract; declare a named constant for it
    ╭▸ test/AdversarialIntegration.t.sol:138:58
    │
138 │         assertEq(source.milestone(orderId, 0).finalWork, 5);
    │                                                          ━
    │
    ╰ help: https://getfoundry.sh/forge/linting/literal-instead-of-constant

note[literal-instead-of-constant]: this literal appears multiple times in the contract; declare a named constant for it
    ╭▸ test/AdversarialIntegration.t.sol:143:78
    │
143 │         (bytes32 epochId, WorkTypes.EpochConfig memory config) = _initialize(10, 3, true);
    │                                                                              ━━
    │
    ╰ help: https://getfoundry.sh/forge/linting/literal-instead-of-constant

note[literal-instead-of-constant]: this literal appears multiple times in the contract; declare a named constant for it
    ╭▸ test/AdversarialIntegration.t.sol:143:82
    │
143 │         (bytes32 epochId, WorkTypes.EpochConfig memory config) = _initialize(10, 3, true);
    │                                                                                  ━
    │
    ╰ help: https://getfoundry.sh/forge/linting/literal-instead-of-constant

note[literal-instead-of-constant]: this literal appears multiple times in the contract; declare a named constant for it
    ╭▸ test/AdversarialIntegration.t.sol:144:64
    │
144 │         WorkTypes.OrderTerms memory terms = _terms(epochId, 1, 10, 0, 0);
    │                                                                ━━
    │
    ╰ help: https://getfoundry.sh/forge/linting/literal-instead-of-constant

note[literal-instead-of-constant]: this literal appears multiple times in the contract; declare a named constant for it
    ╭▸ test/AdversarialIntegration.t.sol:154:36
    │
154 │         assertEq(finalized.status, 5);
    │                                    ━
    │
    ╰ help: https://getfoundry.sh/forge/linting/literal-instead-of-constant

note[literal-instead-of-constant]: this literal appears multiple times in the contract; declare a named constant for it
    ╭▸ test/AdversarialIntegration.t.sol:155:37
    │
155 │         assertEq(finalized.outcome, 8);
    │                                     ━
    │
    ╰ help: https://getfoundry.sh/forge/linting/literal-instead-of-constant

note[literal-instead-of-constant]: this literal appears multiple times in the contract; declare a named constant for it
    ╭▸ test/AdversarialIntegration.t.sol:158:38
    │
158 │         assertEq(restored.available, 10);
    │                                      ━━
    │
    ╰ help: https://getfoundry.sh/forge/linting/literal-instead-of-constant

note[literal-instead-of-constant]: this literal appears multiple times in the contract; declare a named constant for it
    ╭▸ test/AdversarialIntegration.t.sol:171:35
    │
171 │         assertEq(returned.amount, 10);
    │                                   ━━
    │
    ╰ help: https://getfoundry.sh/forge/linting/literal-instead-of-constant

note[literal-instead-of-constant]: this literal appears multiple times in the contract; declare a named constant for it
    ╭▸ test/AdversarialIntegration.t.sol:175:57
    │
175 │         treasury.authenticateAndRecognizeReceipt(_proof(100, receipt), returnOrdinal);
    │                                                         ━━━
    │
    ╰ help: https://getfoundry.sh/forge/linting/literal-instead-of-constant

note[literal-instead-of-constant]: this literal appears multiple times in the contract; declare a named constant for it
    ╭▸ test/AdversarialIntegration.t.sol:176:66
    │
176 │         assertEq(treasury.freeBalance(config.refundBeneficiary), 10);
    │                                                                  ━━
    │
    ╰ help: https://getfoundry.sh/forge/linting/literal-instead-of-constant

note[literal-instead-of-constant]: this literal appears multiple times in the contract; declare a named constant for it
    ╭▸ test/AdversarialIntegration.t.sol:183:42
    │
183 │         (bytes32 epochId,) = _initialize(20, 4, true);
    │                                          ━━
    │
    ╰ help: https://getfoundry.sh/forge/linting/literal-instead-of-constant

note[literal-instead-of-constant]: this literal appears multiple times in the contract; declare a named constant for it
    ╭▸ test/AdversarialIntegration.t.sol:183:46
    │
183 │         (bytes32 epochId,) = _initialize(20, 4, true);
    │                                              ━
    │
    ╰ help: https://getfoundry.sh/forge/linting/literal-instead-of-constant

note[literal-instead-of-constant]: this literal appears multiple times in the contract; declare a named constant for it
    ╭▸ test/AdversarialIntegration.t.sol:184:64
    │
184 │         WorkTypes.OrderTerms memory terms = _terms(epochId, 1, 10, 3, 4);
    │                                                                ━━
    │
    ╰ help: https://getfoundry.sh/forge/linting/literal-instead-of-constant

note[literal-instead-of-constant]: this literal appears multiple times in the contract; declare a named constant for it
    ╭▸ test/AdversarialIntegration.t.sol:184:68
    │
184 │         WorkTypes.OrderTerms memory terms = _terms(epochId, 1, 10, 3, 4);
    │                                                                    ━
    │
    ╰ help: https://getfoundry.sh/forge/linting/literal-instead-of-constant

note[literal-instead-of-constant]: this literal appears multiple times in the contract; declare a named constant for it
    ╭▸ test/AdversarialIntegration.t.sol:184:71
    │
184 │         WorkTypes.OrderTerms memory terms = _terms(epochId, 1, 10, 3, 4);
    │                                                                       ━
    │
    ╰ help: https://getfoundry.sh/forge/linting/literal-instead-of-constant

note[literal-instead-of-constant]: this literal appears multiple times in the contract; declare a named constant for it
    ╭▸ test/AdversarialIntegration.t.sol:192:45
    │
192 │         source.submitRulingVote(orderId, 0, 7, 9, committee1, "");
    │                                             ━
    │
    ╰ help: https://getfoundry.sh/forge/linting/literal-instead-of-constant

note[literal-instead-of-constant]: this literal appears multiple times in the contract; declare a named constant for it
    ╭▸ test/AdversarialIntegration.t.sol:192:48
    │
192 │         source.submitRulingVote(orderId, 0, 7, 9, committee1, "");
    │                                                ━
    │
    ╰ help: https://getfoundry.sh/forge/linting/literal-instead-of-constant

note[literal-instead-of-constant]: this literal appears multiple times in the contract; declare a named constant for it
    ╭▸ test/AdversarialIntegration.t.sol:196:45
    │
196 │         source.submitRulingVote(orderId, 0, 7, 9, committee2, "");
    │                                             ━
    │
    ╰ help: https://getfoundry.sh/forge/linting/literal-instead-of-constant

note[literal-instead-of-constant]: this literal appears multiple times in the contract; declare a named constant for it
    ╭▸ test/AdversarialIntegration.t.sol:196:48
    │
196 │         source.submitRulingVote(orderId, 0, 7, 9, committee2, "");
    │                                                ━
    │
    ╰ help: https://getfoundry.sh/forge/linting/literal-instead-of-constant

note[literal-instead-of-constant]: this literal appears multiple times in the contract; declare a named constant for it
    ╭▸ test/AdversarialIntegration.t.sol:200:53
    │
200 │             treasury.authenticateTransaction(_proof(200, genuineReceipt));
    │                                                     ━━━
    │
    ╰ help: https://getfoundry.sh/forge/linting/literal-instead-of-constant

note[literal-instead-of-constant]: this literal appears multiple times in the contract; declare a named constant for it
    ╭▸ test/AdversarialIntegration.t.sol:207:30
    │
207 │         substituted.amount = 8;
    │                              ━
    │
    ╰ help: https://getfoundry.sh/forge/linting/literal-instead-of-constant

note[literal-instead-of-constant]: this literal appears multiple times in the contract; declare a named constant for it
    ╭▸ test/AdversarialIntegration.t.sol:213:96
    │
213 │         bytes memory alteredReceipt = _encodedReceiptWithChangedAmount(rulingLogs, feeOrdinal, 4);
    │                                                                                                ━
    │
    ╰ help: https://getfoundry.sh/forge/linting/literal-instead-of-constant

note[literal-instead-of-constant]: this literal appears multiple times in the contract; declare a named constant for it
    ╭▸ test/AdversarialIntegration.t.sol:218:64
    │
218 │         assertEq(treasury.claim(epochId, 1).allocation.amount, 7);
    │                                                                ━
    │
    ╰ help: https://getfoundry.sh/forge/linting/literal-instead-of-constant

note[literal-instead-of-constant]: this literal appears multiple times in the contract; declare a named constant for it
    ╭▸ test/AdversarialIntegration.t.sol:219:64
    │
219 │         assertEq(treasury.claim(epochId, 2).allocation.amount, 3);
    │                                                                ━
    │
    ╰ help: https://getfoundry.sh/forge/linting/literal-instead-of-constant

note[literal-instead-of-constant]: this literal appears multiple times in the contract; declare a named constant for it
    ╭▸ test/AdversarialIntegration.t.sol:225:61
    │
225 │         assertEq(treasury.epochAccount(epochId).recognized, 10);
    │                                                             ━━
    │
    ╰ help: https://getfoundry.sh/forge/linting/literal-instead-of-constant

note[literal-instead-of-constant]: this literal appears multiple times in the contract; declare a named constant for it
    ╭▸ test/AdversarialIntegration.t.sol:257:57
    │
257 │             initializationCutoff: uint64(block.number + 100),
    │                                                         ━━━
    │
    ╰ help: https://getfoundry.sh/forge/linting/literal-instead-of-constant

note[literal-instead-of-constant]: this literal appears multiple times in the contract; declare a named constant for it
    ╭▸ test/AdversarialIntegration.t.sol:278:38
    │
278 │             deliverBefore: current + 20,
    │                                      ━━
    │
    ╰ help: https://getfoundry.sh/forge/linting/literal-instead-of-constant

note[literal-instead-of-constant]: this literal appears multiple times in the contract; declare a named constant for it
    ╭▸ test/AdversarialIntegration.t.sol:291:37
    │
291 │             acceptBefore: current + 10,
    │                                     ━━
    │
    ╰ help: https://getfoundry.sh/forge/linting/literal-instead-of-constant

note[literal-instead-of-constant]: this literal appears multiple times in the contract; declare a named constant for it
    ╭▸ test/AdversarialIntegration.t.sol:371:45
    │
371 │         bytes[] memory chunks = new bytes[](3);
    │                                             ━
    │
    ╰ help: https://getfoundry.sh/forge/linting/literal-instead-of-constant

note[literal-instead-of-constant]: this literal appears multiple times in the contract; declare a named constant for it
    ╭▸ test/AdversarialIntegration.t.sol:373:52
    │
373 │         chunks[1] = abi.encode(uint128(1), uint256(27), bytes32(0), bytes32(0));
    │                                                    ━━
    │
    ╰ help: https://getfoundry.sh/forge/linting/literal-instead-of-constant

warning[unused-return]: Return value of an external call is not used
    ╭▸ test/AdversarialIntegration.t.sol:166:9
    │
166 │         source.sweepAvailable(epochId);
    │         ━━━━━━━━━━━━━━━━━━━━━━━━━━━━━━
    │
    ╰ help: https://getfoundry.sh/forge/linting/unused-return

warning[unused-return]: Return value of an external call is not used
    ╭▸ test/AdversarialIntegration.t.sol:175:9
    │
175 │         treasury.authenticateAndRecognizeReceipt(_proof(100, receipt), returnOrdinal);
    │         ━━━━━━━━━━━━━━━━━━━━━━━━━━━━━━━━━━━━━━━━━━━━━━━━━━━━━━━━━━━━━━━━━━━━━━━━━━━━━
    │
    ╰ help: https://getfoundry.sh/forge/linting/unused-return

note[asm-keccak256]: use of inefficient hashing mechanism; consider using inline assembly
   ╭▸ src/AllocationCodec.sol:21:16
   │
21 │         return keccak256(abi.encode(NODE_TYPEHASH, left, right));
   │                ━━━━━━━━━━━━━━━━━━━━━━━━━━━━━━━━━━━━━━━━━━━━━━━━━
   │
   ╰ help: https://getfoundry.sh/forge/linting/asm-keccak256

note[asm-keccak256]: use of inefficient hashing mechanism; consider using inline assembly
   ╭▸ src/AllocationCodec.sol:23:67
   │
23 │     function emptyLeaf() internal pure returns (bytes32) { return keccak256(abi.encode(EMPTY_TYPEHASH)); }
   │                                                                   ━━━━━━━━━━━━━━━━━━━━━━━━━━━━━━━━━━━━━
   │
   ╰ help: https://getfoundry.sh/forge/linting/asm-keccak256

note[literal-instead-of-constant]: this literal appears multiple times in the contract; declare a named constant for it
    ╭▸ test/SourceCoordinator.t.sol:585:54
    │
585 │                 deliverBefore: uint64(block.number + 20),
    │                                                      ━━
    │
    ╰ help: https://getfoundry.sh/forge/linting/literal-instead-of-constant

warning[unused-return]: Return value of an external call is not used
    ╭▸ test/WorkTreasuryTarget.t.sol:277:9
    │
277 │         treasury.authenticateAndRecognizeReceipt(_proof(60, _encoded(1, _logs(_allocationLog(SOURCE, work)))), 0);
    │         ━━━━━━━━━━━━━━━━━━━━━━━━━━━━━━━━━━━━━━━━━━━━━━━━━━━━━━━━━━━━━━━━━━━━━━━━━━━━━━━━━━━━━━━━━━━━━━━━━━━━━━━━━
    │
    ╰ help: https://getfoundry.sh/forge/linting/unused-return

warning[uninitialized-local]: local variable is read before being initialized
   ╭▸ src/AllocationCodec.sol:26:25
   │
26 │         for (uint256 i; i < WorkTypes.TREE_DEPTH; ++i) h = nodeHash(h, h);
   │                         ━
   │
   ╰ help: https://getfoundry.sh/forge/linting/uninitialized-local

note[asm-keccak256]: use of inefficient hashing mechanism; consider using inline assembly
   ╭▸ src/AllocationCodec.sol:29:16
   │
29 │         return keccak256(abi.encode(OUTCOME_TYPEHASH, epoch, order, milestone, terms, delivery, decision));
   │                ━━━━━━━━━━━━━━━━━━━━━━━━━━━━━━━━━━━━━━━━━━━━━━━━━━━━━━━━━━━━━━━━━━━━━━━━━━━━━━━━━━━━━━━━━━━
   │
   ╰ help: https://getfoundry.sh/forge/linting/asm-keccak256

note[asm-keccak256]: use of inefficient hashing mechanism; consider using inline assembly
   ╭▸ src/AllocationCodec.sol:32:16
   │
32 │         return keccak256(abi.encode(RELEASE_TYPEHASH, epoch, reason, amount, authorization));
   │                ━━━━━━━━━━━━━━━━━━━━━━━━━━━━━━━━━━━━━━━━━━━━━━━━━━━━━━━━━━━━━━━━━━━━━━━━━━━━━
   │
   ╰ help: https://getfoundry.sh/forge/linting/asm-keccak256

note[unsafe-cheatcode]: usage of unsafe cheatcodes that can perform dangerous operations
   ╭▸ test/IdentityConformance.t.sol:10:33
   │
10 │         string memory json = vm.readFile("schema/identity-v1-vectors.json");
   │                                 ━━━━━━━━
   │
   ╰ help: https://getfoundry.sh/forge/linting/unsafe-cheatcode

note[multi-contract-file]: prefer having only one contract, interface or library per file
  ╭▸ test/AllocationTree.t.sol:9:10
  │
9 │ contract TreeHarness {
  │          ━━━━━━━━━━━
  │
  ╰ help: https://getfoundry.sh/forge/linting/multi-contract-file

note[multi-contract-file]: prefer having only one contract, interface or library per file
   ╭▸ test/AllocationTree.t.sol:24:10
   │
24 │ contract AllocationTreeTest is Test {
   │          ━━━━━━━━━━━━━━━━━━
   │
   ╰ help: https://getfoundry.sh/forge/linting/multi-contract-file

note[literal-instead-of-constant]: this literal appears multiple times in the contract; declare a named constant for it
   ╭▸ test/AllocationTree.t.sol:33:48
   │
33 │         bytes32[] memory nodes = new bytes32[](128);
   │                                                ━━━
   │
   ╰ help: https://getfoundry.sh/forge/linting/literal-instead-of-constant

note[literal-instead-of-constant]: this literal appears multiple times in the contract; declare a named constant for it
   ╭▸ test/AllocationTree.t.sol:34:26
   │
34 │         for (uint32 i; i<128; ++i) {
   │                          ━━━
   │
   ╰ help: https://getfoundry.sh/forge/linting/literal-instead-of-constant

note[literal-instead-of-constant]: this literal appears multiple times in the contract; declare a named constant for it
   ╭▸ test/AllocationTree.t.sol:40:28
   │
40 │         for (uint256 width=128; width>1; width/=2)
   │                            ━━━
   │
   ╰ help: https://getfoundry.sh/forge/linting/literal-instead-of-constant

note[literal-instead-of-constant]: this literal appears multiple times in the contract; declare a named constant for it
   ╭▸ test/AllocationTree.t.sol:46:75
   │
46 │ …     a=WorkTypes.Allocation({epochId:bytes32(uint256(11)),allocationId:999,treeIndex:999,kind:uint8(i%3+1),orderId:bytes32(uint256(8)…
   │                                                                         ━━━
   │
   ╰ help: https://getfoundry.sh/forge/linting/literal-instead-of-constant

note[literal-instead-of-constant]: this literal appears multiple times in the contract; declare a named constant for it
   ╭▸ test/AllocationTree.t.sol:46:89
   │
46 │ …     a=WorkTypes.Allocation({epochId:bytes32(uint256(11)),allocationId:999,treeIndex:999,kind:uint8(i%3+1),orderId:bytes32(uint256(8)…
   │                                                                                       ━━━
   │
   ╰ help: https://getfoundry.sh/forge/linting/literal-instead-of-constant

note[literal-instead-of-constant]: this literal appears multiple times in the contract; declare a named constant for it
   ╭▸ test/AllocationTree.t.sol:46:106
   │
46 │ …     a=WorkTypes.Allocation({epochId:bytes32(uint256(11)),allocationId:999,treeIndex:999,kind:uint8(i%3+1),orderId:bytes32(uint256(8)…
   │                                                                                                        ━
   │
   ╰ help: https://getfoundry.sh/forge/linting/literal-instead-of-constant

note[literal-instead-of-constant]: this literal appears multiple times in the contract; declare a named constant for it
   ╭▸ test/AllocationTree.t.sol:46:277
   │
46 │ …ress(0x123),destination:address(0x456),policyHash:bytes32(uint256(7)),evidenceHash:bytes32(uint256(i)+17)});
   │                                                                    ━
   │
   ╰ help: https://getfoundry.sh/forge/linting/literal-instead-of-constant

note[literal-instead-of-constant]: this literal appears multiple times in the contract; declare a named constant for it
   ╭▸ test/AllocationTree.t.sol:51:26
   │
51 │         for (uint32 i; i<128; ++i) {
   │                          ━━━
   │
   ╰ help: https://getfoundry.sh/forge/linting/literal-instead-of-constant

note[literal-instead-of-constant]: this literal appears multiple times in the contract; declare a named constant for it
   ╭▸ test/AllocationTree.t.sol:61:28
   │
61 │         assertEq(h.count(),128); assertEq(h.root(),beforeRoot);
   │                            ━━━
   │
   ╰ help: https://getfoundry.sh/forge/linting/literal-instead-of-constant

note[literal-instead-of-constant]: this literal appears multiple times in the contract; declare a named constant for it
   ╭▸ test/AllocationTree.t.sol:62:69
   │
62 │         vm.expectRevert(AllocationTree.InvalidIndex.selector); h.at(128);
   │                                                                     ━━━
   │
   ╰ help: https://getfoundry.sh/forge/linting/literal-instead-of-constant

note[literal-instead-of-constant]: this literal appears multiple times in the contract; declare a named constant for it
   ╭▸ test/AllocationTree.t.sol:77:26
   │
77 │         for (uint32 i; i<3; ++i) {
   │                          ━
   │
   ╰ help: https://getfoundry.sh/forge/linting/literal-instead-of-constant

note[literal-instead-of-constant]: this literal appears multiple times in the contract; declare a named constant for it
   ╭▸ test/AllocationTree.t.sol:84:41
   │
84 │             assertTrue(h.verify(a,proof,3,root));
   │                                         ━
   │
   ╰ help: https://getfoundry.sh/forge/linting/literal-instead-of-constant

note[literal-instead-of-constant]: this literal appears multiple times in the contract; declare a named constant for it
   ╭▸ test/AllocationTree.t.sol:86:54
   │
86 │             ++a.amount; assertFalse(h.verify(a,proof,3,root)); --a.amount;
   │                                                      ━
   │
   ╰ help: https://getfoundry.sh/forge/linting/literal-instead-of-constant

note[literal-instead-of-constant]: this literal appears multiple times in the contract; declare a named constant for it
   ╭▸ test/AllocationTree.t.sol:87:31
   │
87 │             a.treeIndex=(i+1)%3; a.allocationId=uint64(a.treeIndex)+1;
   │                               ━
   │
   ╰ help: https://getfoundry.sh/forge/linting/literal-instead-of-constant

note[literal-instead-of-constant]: this literal appears multiple times in the contract; declare a named constant for it
   ╭▸ test/AllocationTree.t.sol:88:42
   │
88 │             assertFalse(h.verify(a,proof,3,root));
   │                                          ━
   │
   ╰ help: https://getfoundry.sh/forge/linting/literal-instead-of-constant

note[literal-instead-of-constant]: this literal appears multiple times in the contract; declare a named constant for it
   ╭▸ test/AllocationTree.t.sol:94:53
   │
94 │         assertEq(c.root,root); assertEq(c.leafCount,3); assertEq(c.earned,55); assertEq(c.returned,65); assertEq(c.phase,3);
   │                                                     ━
   │
   ╰ help: https://getfoundry.sh/forge/linting/literal-instead-of-constant

note[literal-instead-of-constant]: this literal appears multiple times in the contract; declare a named constant for it
   ╭▸ test/AllocationTree.t.sol:94:122
   │
94 │         assertEq(c.root,root); assertEq(c.leafCount,3); assertEq(c.earned,55); assertEq(c.returned,65); assertEq(c.phase,3);
   │                                                                                                                          ━
   │
   ╰ help: https://getfoundry.sh/forge/linting/literal-instead-of-constant

note[literal-instead-of-constant]: this literal appears multiple times in the contract; declare a named constant for it
    ╭▸ test/AllocationTree.t.sol:104:17
    │
104 │         data[0]=0x80; vm.expectRevert(); h.decode(topics,data);
    │                 ━━━━
    │
    ╰ help: https://getfoundry.sh/forge/linting/literal-instead-of-constant

note[literal-instead-of-constant]: this literal appears multiple times in the contract; declare a named constant for it
    ╭▸ test/AllocationTree.t.sol:108:27
    │
108 │         vm.assume(length!=7); WorkTypes.Allocation memory a=sample(0); a.treeIndex=0; a.allocationId=1;
    │                           ━
    │
    ╰ help: https://getfoundry.sh/forge/linting/literal-instead-of-constant

warning[unused-return]: Return value of an external call is not used
    ╭▸ test/WorkTreasuryTarget.t.sol:296:9
    │
296 │         treasury.authenticateAndRecognizeReceipt(_proof(65, _encoded(1, _logs(_allocationLog(SOURCE, work)))), 0);
    │         ━━━━━━━━━━━━━━━━━━━━━━━━━━━━━━━━━━━━━━━━━━━━━━━━━━━━━━━━━━━━━━━━━━━━━━━━━━━━━━━━━━━━━━━━━━━━━━━━━━━━━━━━━
    │
    ╰ help: https://getfoundry.sh/forge/linting/unused-return

warning[unused-return]: Return value of an external call is not used
    ╭▸ test/WorkTreasuryTarget.t.sol:297:9
    │
297 │         treasury.authenticateAndRecognizeReceipt(_proof(66, _encoded(1, _logs(_allocationLog(SOURCE, refund)))), 0);
    │         ━━━━━━━━━━━━━━━━━━━━━━━━━━━━━━━━━━━━━━━━━━━━━━━━━━━━━━━━━━━━━━━━━━━━━━━━━━━━━━━━━━━━━━━━━━━━━━━━━━━━━━━━━━━
    │
    ╰ help: https://getfoundry.sh/forge/linting/unused-return

warning[unused-return]: Return value of an external call is not used
    ╭▸ test/WorkTreasuryTarget.t.sol:315:9
    │
315 │ ┏         treasury.authenticateAndRecognizeReceipt(
316 │ ┃             _proof(67, _encoded(1, _logs(_allocationLog(SOURCE, fixedFirst)))), 0
317 │ ┃         );
    │ ┗━━━━━━━━━┛
    │
    ╰ help: https://getfoundry.sh/forge/linting/unused-return

warning[unused-return]: Return value of an external call is not used
    ╭▸ test/WorkTreasuryTarget.t.sol:328:9
    │
328 │ ┏         treasury.authenticateAndRecognizeReceipt(
329 │ ┃             _proof(68, _encoded(1, _logs(_allocationLog(SOURCE, ownerFirst)))), 0
330 │ ┃         );
    │ ┗━━━━━━━━━┛
    │
    ╰ help: https://getfoundry.sh/forge/linting/unused-return

warning[unused-return]: Return value of an external call is not used
    ╭▸ test/AdversarialIntegration.t.sol:200:13
    │
200 │             treasury.authenticateTransaction(_proof(200, genuineReceipt));
    │             ━━━━━━━━━━━━━━━━━━━━━━━━━━━━━━━━━━━━━━━━━━━━━━━━━━━━━━━━━━━━━
    │
    ╰ help: https://getfoundry.sh/forge/linting/unused-return

warning[uninitialized-local]: local variable is read before being initialized
   ╭▸ test/AllocationTree.t.sol:34:24
   │
34 │         for (uint32 i; i<128; ++i) {
   │                        ━
   │
   ╰ help: https://getfoundry.sh/forge/linting/uninitialized-local

warning[uninitialized-local]: local variable is read before being initialized
   ╭▸ test/AllocationTree.t.sol:41:29
   │
41 │             for (uint256 i; i<width/2; ++i) nodes[i]=keccak256(abi.encode(NODE,nodes[2*i],nodes[2*i+1]));
   │                             ━
   │
   ╰ help: https://getfoundry.sh/forge/linting/uninitialized-local

warning[calls-loop]: external call inside a loop
   ╭▸ test/AllocationTree.t.sol:35:19
   │
35 │             if (i<h.count()) {
   │                   ━━━━━━━━━
   │
   ╰ help: https://getfoundry.sh/forge/linting/calls-loop

warning[calls-loop]: external call inside a loop
   ╭▸ test/AllocationTree.t.sol:36:47
   │
36 │                 WorkTypes.Allocation memory a=h.at(i);
   │                                               ━━━━━━━
   │
   ╰ help: https://getfoundry.sh/forge/linting/calls-loop

warning[unused-return]: Return value of an external call is not used
    ╭▸ test/WorkTreasuryTarget.t.sol:356:63
    │
356 │         (NativeReceiptAuth.SourcePosition memory newerPos,) = treasury.authenticateTransaction(_proof(91, newerBytes));
    │                                                               ━━━━━━━━━━━━━━━━━━━━━━━━━━━━━━━━━━━━━━━━━━━━━━━━━━━━━━━━
    │
    ╰ help: https://getfoundry.sh/forge/linting/unused-return

warning[unused-return]: Return value of an external call is not used
    ╭▸ test/AdversarialIntegration.t.sol:209:9
    │
209 │         treasury.recognizeFromCheckpoint(checkpointId, substituted, workProof);
    │         ━━━━━━━━━━━━━━━━━━━━━━━━━━━━━━━━━━━━━━━━━━━━━━━━━━━━━━━━━━━━━━━━━━━━━━
    │
    ╰ help: https://getfoundry.sh/forge/linting/unused-return

warning[unsafe-typecast]: typecasts that can truncate values should be checked
   ╭▸ test/AllocationTree.t.sol:46:98
   │
46 │ …     a=WorkTypes.Allocation({epochId:bytes32(uint256(11)),allocationId:999,treeIndex:999,kind:uint8(i%3+1),orderId:bytes32(uint256(8)…
   │                                                                                                ━━━━━━━━━━━━
   │
   ├ note: consider disabling this lint if you're certain the cast is safe
   │       
   │       // casting to 'uint8' is safe because [explain why]
   │       // forge-lint: disable-next-line(unsafe-typecast)
   │       
   │       
   ╰ help: https://getfoundry.sh/forge/linting/unsafe-typecast

warning[uninitialized-local]: local variable is read before being initialized
   ╭▸ test/AllocationTree.t.sol:51:24
   │
51 │         for (uint32 i; i<128; ++i) {
   │                        ━
   │
   ╰ help: https://getfoundry.sh/forge/linting/uninitialized-local

warning[calls-loop]: external call inside a loop
   ╭▸ test/AllocationTree.t.sol:52:43
   │
52 │             WorkTypes.Allocation memory a=h.append(sample(i));
   │                                           ━━━━━━━━━━━━━━━━━━━
   │
   ╰ help: https://getfoundry.sh/forge/linting/calls-loop

warning[calls-loop]: external call inside a loop
   ╭▸ test/AllocationTree.t.sol:55:22
   │
55 │             assertEq(h.count(),i+1);
   │                      ━━━━━━━━━
   │
   ╰ help: https://getfoundry.sh/forge/linting/calls-loop

warning[calls-loop]: external call inside a loop
   ╭▸ test/AllocationTree.t.sol:56:22
   │
56 │             assertEq(h.root(),independentRoot(),"incremental root diverged");
   │                      ━━━━━━━━
   │
   ╰ help: https://getfoundry.sh/forge/linting/calls-loop

warning[calls-loop]: external call inside a loop
   ╭▸ test/AllocationTree.t.sol:33:34
   │
33 │         bytes32[] memory nodes = new bytes32[](128);
   │                                  ━━━━━━━━━━━━━━━━━━
   │
   ╰ help: https://getfoundry.sh/forge/linting/calls-loop

warning[calls-loop]: external call inside a loop
   ╭▸ test/AllocationTree.t.sol:57:43
   │
57 │             assertEq(keccak256(abi.encode(h.at(i))),keccak256(abi.encode(a)));
   │                                           ━━━━━━━
   │
   ╰ help: https://getfoundry.sh/forge/linting/calls-loop

warning[unused-return]: Return value of an external call is not used
   ╭▸ test/AllocationTree.t.sol:60:60
   │
60 │         vm.expectRevert(AllocationTree.TreeFull.selector); h.append(sample(129));
   │                                                            ━━━━━━━━━━━━━━━━━━━━━
   │
   ╰ help: https://getfoundry.sh/forge/linting/unused-return

warning[unused-return]: Return value of an external call is not used
   ╭▸ test/AllocationTree.t.sol:62:64
   │
62 │         vm.expectRevert(AllocationTree.InvalidIndex.selector); h.at(128);
   │                                                                ━━━━━━━━━
   │
   ╰ help: https://getfoundry.sh/forge/linting/unused-return

warning[unused-return]: Return value of an external call is not used
   ╭▸ test/AllocationTree.t.sol:66:9
   │
66 │         h.append(sample(0)); bytes32 root=h.root();
   │         ━━━━━━━━━━━━━━━━━━━
   │
   ╰ help: https://getfoundry.sh/forge/linting/unused-return

warning[uninitialized-local]: local variable is read before being initialized
   ╭▸ test/AllocationTree.t.sol:77:24
   │
77 │         for (uint32 i; i<3; ++i) {
   │                        ━
   │
   ╰ help: https://getfoundry.sh/forge/linting/uninitialized-local

warning[calls-loop]: external call inside a loop
   ╭▸ test/AllocationTree.t.sol:78:64
   │
78 │             string memory prefix=string.concat(".allocations[",vm.toString(i),"]");
   │                                                                ━━━━━━━━━━━━━━
   │
   ╰ help: https://getfoundry.sh/forge/linting/calls-loop

warning[calls-loop]: external call inside a loop
   ╭▸ test/AllocationTree.t.sol:79:37
   │
79 │             bytes32[] memory topics=vm.parseJsonBytes32Array(json,string.concat(prefix,".event.topics"));
   │                                     ━━━━━━━━━━━━━━━━━━━━━━━━━━━━━━━━━━━━━━━━━━━━━━━━━━━━━━━━━━━━━━━━━━━━
   │
   ╰ help: https://getfoundry.sh/forge/linting/calls-loop

warning[calls-loop]: external call inside a loop
   ╭▸ test/AllocationTree.t.sol:80:31
   │
80 │             bytes memory data=vm.parseJsonBytes(json,string.concat(prefix,".event.data"));
   │                               ━━━━━━━━━━━━━━━━━━━━━━━━━━━━━━━━━━━━━━━━━━━━━━━━━━━━━━━━━━━
   │
   ╰ help: https://getfoundry.sh/forge/linting/calls-loop

warning[calls-loop]: external call inside a loop
   ╭▸ test/AllocationTree.t.sol:81:43
   │
81 │             WorkTypes.Allocation memory a=h.decode(topics,data);
   │                                           ━━━━━━━━━━━━━━━━━━━━━
   │
   ╰ help: https://getfoundry.sh/forge/linting/calls-loop

warning[calls-loop]: external call inside a loop
   ╭▸ test/AllocationTree.t.sol:82:50
   │
82 │             assertEq(AllocationCodec.leafHash(a),vm.parseJsonBytes32(json,string.concat(prefix,".leafHash")));
   │                                                  ━━━━━━━━━━━━━━━━━━━━━━━━━━━━━━━━━━━━━━━━━━━━━━━━━━━━━━━━━━━
   │
   ╰ help: https://getfoundry.sh/forge/linting/calls-loop

warning[calls-loop]: external call inside a loop
   ╭▸ test/AllocationTree.t.sol:83:36
   │
83 │             bytes32[] memory proof=vm.parseJsonBytes32Array(json,string.concat(prefix,".inclusionProof"));
   │                                    ━━━━━━━━━━━━━━━━━━━━━━━━━━━━━━━━━━━━━━━━━━━━━━━━━━━━━━━━━━━━━━━━━━━━━━
   │
   ╰ help: https://getfoundry.sh/forge/linting/calls-loop

warning[calls-loop]: external call inside a loop
   ╭▸ test/AllocationTree.t.sol:84:24
   │
84 │             assertTrue(h.verify(a,proof,3,root));
   │                        ━━━━━━━━━━━━━━━━━━━━━━━━
   │
   ╰ help: https://getfoundry.sh/forge/linting/calls-loop

warning[calls-loop]: external call inside a loop
   ╭▸ test/AllocationTree.t.sol:85:13
   │
85 │             h.append(a);
   │             ━━━━━━━━━━━
   │
   ╰ help: https://getfoundry.sh/forge/linting/calls-loop

warning[calls-loop]: external call inside a loop
   ╭▸ test/AllocationTree.t.sol:86:37
   │
86 │             ++a.amount; assertFalse(h.verify(a,proof,3,root)); --a.amount;
   │                                     ━━━━━━━━━━━━━━━━━━━━━━━━
   │
   ╰ help: https://getfoundry.sh/forge/linting/calls-loop

warning[calls-loop]: external call inside a loop
   ╭▸ test/AllocationTree.t.sol:88:25
   │
88 │             assertFalse(h.verify(a,proof,3,root));
   │                         ━━━━━━━━━━━━━━━━━━━━━━━━
   │
   ╰ help: https://getfoundry.sh/forge/linting/calls-loop

warning[unused-return]: Return value of an external call is not used
   ╭▸ test/AllocationTree.t.sol:85:13
   │
85 │             h.append(a);
   │             ━━━━━━━━━━━
   │
   ╰ help: https://getfoundry.sh/forge/linting/unused-return

warning[unused-return]: Return value of an external call is not used
    ╭▸ test/AllocationTree.t.sol:101:68
    │
101 │         vm.expectRevert(AllocationCodec.InvalidEncoding.selector); h.decode(topics,bytes.concat(data,hex"00"));
    │                                                                    ━━━━━━━━━━━━━━━━━━━━━━━━━━━━━━━━━━━━━━━━━━━
    │
    ╰ help: https://getfoundry.sh/forge/linting/unused-return

warning[unused-return]: Return value of an external call is not used
    ╭▸ test/AllocationTree.t.sol:103:28
    │
103 │         vm.expectRevert(); h.decode(topics,data); topics[2]=saved;
    │                            ━━━━━━━━━━━━━━━━━━━━━
    │
    ╰ help: https://getfoundry.sh/forge/linting/unused-return

warning[unused-return]: Return value of an external call is not used
    ╭▸ test/AllocationTree.t.sol:104:42
    │
104 │         data[0]=0x80; vm.expectRevert(); h.decode(topics,data);
    │                                          ━━━━━━━━━━━━━━━━━━━━━
    │
    ╰ help: https://getfoundry.sh/forge/linting/unused-return

note[literal-instead-of-constant]: this literal appears multiple times in the contract; declare a named constant for it
    ╭▸ test/SourceCoordinator.t.sol:586:53
    │
586 │                 reviewBefore: uint64(block.number + 30),
    │                                                     ━━
    │
    ╰ help: https://getfoundry.sh/forge/linting/literal-instead-of-constant

note[screaming-snake-case-immutable]: immutables should use SCREAMING_SNAKE_CASE
   ╭▸ test/SourceAccountingInvariant.t.sol:27:40
   │
27 │     SourceCoordinator public immutable source;
   │                                        ━━━━━━ help: consider using: `SOURCE`
   │
   ╰ help: https://getfoundry.sh/forge/linting/screaming-snake-case-immutable

warning[unused-return]: Return value of an external call is not used
    ╭▸ test/AdversarialIntegration.t.sol:210:9
    │
210 │         treasury.recognizeFromCheckpoint(checkpointId, workAllocation, workProof);
    │         ━━━━━━━━━━━━━━━━━━━━━━━━━━━━━━━━━━━━━━━━━━━━━━━━━━━━━━━━━━━━━━━━━━━━━━━━━
    │
    ╰ help: https://getfoundry.sh/forge/linting/unused-return

warning[arbitrary-send-eth]: ETH is sent to a user-controlled destination; restrict the destination or the caller
    ╭▸ test/Performance.t.sol:212:27
    │
212 │         bytes32 epochId = target.fundEpoch{value: count}(config);
    │                           ━━━━━━━━━━━━━━━━━━━━━━━━━━━━━━━━━━━━━━
    │
    ╰ help: https://getfoundry.sh/forge/linting/arbitrary-send-eth

warning[unused-return]: Return value of an external call is not used
   ╭▸ test/EndToEnd.t.sol:82:9
   │
82 │         treasury.fundEpoch{value: 120}(config);
   │         ━━━━━━━━━━━━━━━━━━━━━━━━━━━━━━━━━━━━━━
   │
   ╰ help: https://getfoundry.sh/forge/linting/unused-return

note[screaming-snake-case-immutable]: immutables should use SCREAMING_SNAKE_CASE
   ╭▸ test/SourceAccountingInvariant.t.sol:28:30
   │
28 │     bytes32 public immutable epochId;
   │                              ━━━━━━━ help: consider using: `EPOCH_ID`
   │
   ╰ help: https://getfoundry.sh/forge/linting/screaming-snake-case-immutable

note[screaming-snake-case-immutable]: immutables should use SCREAMING_SNAKE_CASE
   ╭▸ test/SourceAccountingInvariant.t.sol:29:30
   │
29 │     address public immutable worker;
   │                              ━━━━━━ help: consider using: `WORKER`
   │
   ╰ help: https://getfoundry.sh/forge/linting/screaming-snake-case-immutable

warning[boolean-cst]: misuse of a boolean constant
    ╭▸ test/SourceAccountingInvariant.t.sol:218:34
    │
218 │         if (length == 0) return (false, 0);
    │                                  ━━━━━
    │
    ╰ help: https://getfoundry.sh/forge/linting/boolean-cst

warning[boolean-cst]: misuse of a boolean constant
    ╭▸ test/SourceAccountingInvariant.t.sol:222:58
    │
222 │             if (tracked[index].status == status) return (true, index);
    │                                                          ━━━━
    │
    ╰ help: https://getfoundry.sh/forge/linting/boolean-cst

warning[boolean-cst]: misuse of a boolean constant
    ╭▸ test/SourceAccountingInvariant.t.sol:224:17
    │
224 │         return (false, 0);
    │                 ━━━━━
    │
    ╰ help: https://getfoundry.sh/forge/linting/boolean-cst

note[multi-contract-file]: prefer having only one contract, interface or library per file
   ╭▸ test/SourceAccountingInvariant.t.sol:10:10
   │
10 │ contract SourceLifecycleHandler is Test {
   │          ━━━━━━━━━━━━━━━━━━━━━━
   │
   ╰ help: https://getfoundry.sh/forge/linting/multi-contract-file

note[multi-contract-file]: prefer having only one contract, interface or library per file
    ╭▸ test/SourceAccountingInvariant.t.sol:260:10
    │
260 │ contract SourceAccountingInvariantTest is StdInvariant, Test {
    │          ━━━━━━━━━━━━━━━━━━━━━━━━━━━━━
    │
    ╰ help: https://getfoundry.sh/forge/linting/multi-contract-file

note[multi-contract-file]: prefer having only one contract, interface or library per file
    ╭▸ test/SourceAccountingInvariant.t.sol:334:10
    │
334 │ contract SourceCapacityReuseFuzzTest is Test {
    │          ━━━━━━━━━━━━━━━━━━━━━━━━━━━
    │
    ╰ help: https://getfoundry.sh/forge/linting/multi-contract-file

warning[unused-return]: Return value of an external call is not used
    ╭▸ test/AdversarialIntegration.t.sol:216:9
    │
216 │         treasury.recognizeFromReceipt(position, alteredReceipt, feeOrdinal);
    │         ━━━━━━━━━━━━━━━━━━━━━━━━━━━━━━━━━━━━━━━━━━━━━━━━━━━━━━━━━━━━━━━━━━━
    │
    ╰ help: https://getfoundry.sh/forge/linting/unused-return

warning[unsafe-typecast]: typecasts that can truncate values should be checked
   ╭▸ test/SourceAccountingInvariant.t.sol:61:35
   │
61 │             initializationCutoff: uint64(block.number + 100),
   │                                   ━━━━━━━━━━━━━━━━━━━━━━━━━━
   │
   ├ note: consider disabling this lint if you're certain the cast is safe
   │       
   │       // casting to 'uint64' is safe because [explain why]
   │       // forge-lint: disable-next-line(unsafe-typecast)
   │       
   │       
   ╰ help: https://getfoundry.sh/forge/linting/unsafe-typecast

warning[unsafe-typecast]: typecasts that can truncate values should be checked
   ╭▸ test/SourceAccountingInvariant.t.sol:62:30
   │
62 │             admissionCutoff: uint64(block.number + 1_000_000),
   │                              ━━━━━━━━━━━━━━━━━━━━━━━━━━━━━━━━
   │
   ├ note: consider disabling this lint if you're certain the cast is safe
   │       
   │       // casting to 'uint64' is safe because [explain why]
   │       // forge-lint: disable-next-line(unsafe-typecast)
   │       
   │       
   ╰ help: https://getfoundry.sh/forge/linting/unsafe-typecast

warning[uninitialized-local]: local variable is read before being initialized
    ╭▸ test/Performance.t.sol:229:24
    │
229 │         for (uint32 i; i < count; ++i) {
    │                        ━
    │
    ╰ help: https://getfoundry.sh/forge/linting/uninitialized-local

warning[uninitialized-local]: local variable is read before being initialized
    ╭▸ test/Performance.t.sol:234:24
    │
234 │         for (uint32 i; i < count; ++i) {
    │                        ━
    │
    ╰ help: https://getfoundry.sh/forge/linting/uninitialized-local

warning[reentrancy-no-eth]: external call can be reentered before `ghostActiveReturns` is updated
    ╭▸ test/SourceAccountingInvariant.t.sol:172:9
    │
172 │         source.releaseFree(epochId, amount, keccak256(abi.encode("invariant release", ghostActiveReturns)));
    │         ━━━━━━━━━━━━━━━━━━━━━━━━━━━━━━━━━━━━━━━━━━━━━━━━━━━━━━━━━━━━━━━━━━━━━━━━━━━━━━━━━━━━━━━━━━━━━━━━━━━
    │
    ╰ help: https://getfoundry.sh/forge/linting/reentrancy-no-eth

warning[unsafe-typecast]: typecasts that can truncate values should be checked
    ╭▸ test/Performance.t.sol:217:24
    │
217 │             leafCount: uint32(count),
    │                        ━━━━━━━━━━━━━
    │
    ├ note: consider disabling this lint if you're certain the cast is safe
    │       
    │       // casting to 'uint32' is safe because [explain why]
    │       // forge-lint: disable-next-line(unsafe-typecast)
    │       
    │       
    ╰ help: https://getfoundry.sh/forge/linting/unsafe-typecast

warning[unused-return]: Return value of an external call is not used
    ╭▸ test/Performance.t.sol:226:13
    │
226 │             target.authenticateTransaction(_proof(uint64(1_000 + nonce), receipt));
    │             ━━━━━━━━━━━━━━━━━━━━━━━━━━━━━━━━━━━━━━━━━━━━━━━━━━━━━━━━━━━━━━━━━━━━━━
    │
    ╰ help: https://getfoundry.sh/forge/linting/unused-return

warning[unused-return]: Return value of an external call is not used
    ╭▸ test/Performance.t.sol:235:13
    │
235 │             target.recognizeFromCheckpoint(checkpointId, allocations[i], proofs[i]);
    │             ━━━━━━━━━━━━━━━━━━━━━━━━━━━━━━━━━━━━━━━━━━━━━━━━━━━━━━━━━━━━━━━━━━━━━━━
    │
    ╰ help: https://getfoundry.sh/forge/linting/unused-return

warning[arbitrary-send-eth]: ETH is sent to a user-controlled destination; restrict the destination or the caller
    ╭▸ test/Performance.t.sol:248:27
    │
248 │         bytes32 epochId = target.fundEpoch{value: count}(config);
    │                           ━━━━━━━━━━━━━━━━━━━━━━━━━━━━━━━━━━━━━━
    │
    ╰ help: https://getfoundry.sh/forge/linting/arbitrary-send-eth

warning[unused-return]: Return value of an external call is not used
    ╭▸ test/WorkTreasuryTarget.t.sol:359:63
    │
359 │         (NativeReceiptAuth.SourcePosition memory olderPos,) = treasury.authenticateTransaction(_proof(90, olderBytes));
    │                                                               ━━━━━━━━━━━━━━━━━━━━━━━━━━━━━━━━━━━━━━━━━━━━━━━━━━━━━━━━
    │
    ╰ help: https://getfoundry.sh/forge/linting/unused-return

warning[unused-return]: Return value of an external call is not used
    ╭▸ test/WorkTreasuryTarget.t.sol:360:9
    │
360 │         treasury.importCheckpoint(olderPos, olderBytes, 0);
    │         ━━━━━━━━━━━━━━━━━━━━━━━━━━━━━━━━━━━━━━━━━━━━━━━━━━
    │
    ╰ help: https://getfoundry.sh/forge/linting/unused-return

note[named-struct-fields]: prefer initializing structs with named fields
    ╭▸ src/SourceCoordinator.sol:437:13
    │
437 │           v = EpochStateView(e.exists && !e.expiredUninitialized, e.expiredUninitialized, e.tree.count, e.tree.root,
    │ ┏━━━━━━━━━━━━━┛
438 │ ┃             e.available, e.unresolved, e.earned, e.returned, e.phase, e.reservations,
439 │ ┃             e.unresolvedMilestones, e.activeReturns, e.drainingReturns);
    │ ┗━━━━━━━━━━━━━━━━━━━━━━━━━━━━━━━━━━━━━━━━━━━━━━━━━━━━━━━━━━━━━━━━━━━━━━━┛ help: consider using named fields: `EpochStateView({ initialized: e.exists && !e.expiredUninitialized, expiredUninitialized: e.expiredUninitialized, leafCount: e.tree.count, root: e.tree.root, available: e.available, unresolved: e.unresolved, earned: e.earned, returned: e.returned, phase: e.phase, reservations: e.reservations, unresolvedMilestones: e.unresolvedMilestones, activeReturns: e.activeReturns, drainingReturns: e.drainingReturns })`
    │
    ╰ help: https://getfoundry.sh/forge/linting/named-struct-fields

note[named-struct-fields]: prefer initializing structs with named fields
    ╭▸ src/SourceCoordinator.sol:444:13
    │
444 │           v = OrderData(o.exists, o.agreed, o.epochId, o.termsHash, o.worker, o.claimOwner, o.destination,
    │ ┏━━━━━━━━━━━━━┛
445 │ ┃             o.feeOwner, o.feeDestination, o.committee, o.acceptBefore, o.nonce, o.milestoneCount, o.finalizedCount);
    │ ┗━━━━━━━━━━━━━━━━━━━━━━━━━━━━━━━━━━━━━━━━━━━━━━━━━━━━━━━━━━━━━━━━━━━━━━━━━━━━━━━━━━━━━━━━━━━━━━━━━━━━━━━━━━━━━━━━━━━┛ help: consider using named fields: `OrderData({ exists: o.exists, agreed: o.agreed, epochId: o.epochId, termsHash: o.termsHash, worker: o.worker, claimOwner: o.claimOwner, destination: o.destination, feeOwner: o.feeOwner, feeDestination: o.feeDestination, committee: o.committee, acceptBefore: o.acceptBefore, nonce: o.nonce, milestoneCount: o.milestoneCount, finalizedCount: o.finalizedCount })`
    │
    ╰ help: https://getfoundry.sh/forge/linting/named-struct-fields

note[named-struct-fields]: prefer initializing structs with named fields
    ╭▸ src/SourceCoordinator.sol:452:13
    │
452 │           v = MilestoneData(m.status, m.outcome, m.stateVersion, m.deliveryHash, m.work, m.fee,
    │ ┏━━━━━━━━━━━━━┛
453 │ ┃             m.timeoutWork, m.deliverBefore, m.reviewBefore, m.ruleBefore, m.mutualNonce,
454 │ ┃             m.finalWork, m.finalFee, m.decisionHash, m.evidenceHash);
    │ ┗━━━━━━━━━━━━━━━━━━━━━━━━━━━━━━━━━━━━━━━━━━━━━━━━━━━━━━━━━━━━━━━━━━━━┛ help: consider using named fields: `MilestoneData({ status: m.status, outcome: m.outcome, stateVersion: m.stateVersion, deliveryHash: m.deliveryHash, work: m.work, fee: m.fee, timeoutWork: m.timeoutWork, deliverBefore: m.deliverBefore, reviewBefore: m.reviewBefore, ruleBefore: m.ruleBefore, mutualNonce: m.mutualNonce, finalWork: m.finalWork, finalFee: m.finalFee, decisionHash: m.decisionHash, evidenceHash: m.evidenceHash })`
    │
    ╰ help: https://getfoundry.sh/forge/linting/named-struct-fields

warning[unused-return]: Return value of an external call is not used
    ╭▸ test/AdversarialIntegration.t.sol:217:9
    │
217 │         treasury.recognizeFromReceipt(position, genuineReceipt, feeOrdinal);
    │         ━━━━━━━━━━━━━━━━━━━━━━━━━━━━━━━━━━━━━━━━━━━━━━━━━━━━━━━━━━━━━━━━━━━
    │
    ╰ help: https://getfoundry.sh/forge/linting/unused-return

warning[unused-return]: Return value of an external call is not used
    ╭▸ test/WorkTreasuryTarget.t.sol:368:9
    │
368 │         treasury.authenticateAndRecognizeReceipt(_proof(70, _encoded(1, _logs(_allocationLog(SOURCE, a)))), 0);
    │         ━━━━━━━━━━━━━━━━━━━━━━━━━━━━━━━━━━━━━━━━━━━━━━━━━━━━━━━━━━━━━━━━━━━━━━━━━━━━━━━━━━━━━━━━━━━━━━━━━━━━━━
    │
    ╰ help: https://getfoundry.sh/forge/linting/unused-return

warning[uninitialized-local]: local variable is read before being initialized
    ╭▸ test/SourceAccountingInvariant.t.sol:200:25
    │
200 │         for (uint256 i; i < tracked.length; ++i) {
    │                         ━
    │
    ╰ help: https://getfoundry.sh/forge/linting/uninitialized-local

warning[unused-return]: Return value of an external call is not used
    ╭▸ test/AdversarialIntegration.t.sol:224:9
    │
224 │         treasury.recognizeFromCheckpoint(checkpointId, feeAllocation, feeProof);
    │         ━━━━━━━━━━━━━━━━━━━━━━━━━━━━━━━━━━━━━━━━━━━━━━━━━━━━━━━━━━━━━━━━━━━━━━━
    │
    ╰ help: https://getfoundry.sh/forge/linting/unused-return

warning[unused-return]: Return value of an external call is not used
    ╭▸ test/WorkTreasuryTarget.t.sol:382:9
    │
382 │         book.recordPaidWork(epochA, 1);
    │         ━━━━━━━━━━━━━━━━━━━━━━━━━━━━━━
    │
    ╰ help: https://getfoundry.sh/forge/linting/unused-return

warning[unused-return]: Return value of an external call is not used
    ╭▸ test/WorkTreasuryTarget.t.sol:386:9
    │
386 │         treasury.authenticateAndRecognizeReceipt(_proof(71, _encoded(1, _logs(_allocationLog(SOURCE, b)))), 0);
    │         ━━━━━━━━━━━━━━━━━━━━━━━━━━━━━━━━━━━━━━━━━━━━━━━━━━━━━━━━━━━━━━━━━━━━━━━━━━━━━━━━━━━━━━━━━━━━━━━━━━━━━━
    │
    ╰ help: https://getfoundry.sh/forge/linting/unused-return

warning[unused-return]: Return value of an external call is not used
    ╭▸ test/WorkTreasuryTarget.t.sol:398:9
    │
398 │         treasury.authenticateAndRecognizeReceipt(_proof(80, _encoded(1, _logs(_allocationLog(SOURCE, fee)))), 0);
    │         ━━━━━━━━━━━━━━━━━━━━━━━━━━━━━━━━━━━━━━━━━━━━━━━━━━━━━━━━━━━━━━━━━━━━━━━━━━━━━━━━━━━━━━━━━━━━━━━━━━━━━━━━
    │
    ╰ help: https://getfoundry.sh/forge/linting/unused-return

warning[unused-return]: Return value of an external call is not used
    ╭▸ test/WorkTreasuryTarget.t.sol:401:9
    │
401 │         book.recordPaidWork(epochId, 1);
    │         ━━━━━━━━━━━━━━━━━━━━━━━━━━━━━━━
    │
    ╰ help: https://getfoundry.sh/forge/linting/unused-return

warning[unused-return]: Return value of an external call is not used
    ╭▸ test/WorkTreasuryTarget.t.sol:404:9
    │
404 │         book.recordPaidWork(epochId, 1);
    │         ━━━━━━━━━━━━━━━━━━━━━━━━━━━━━━━
    │
    ╰ help: https://getfoundry.sh/forge/linting/unused-return

warning[unused-return]: Return value of an external call is not used
    ╭▸ test/WorkTreasuryTarget.t.sol:408:9
    │
408 │         treasury.authenticateAndRecognizeReceipt(_proof(81, _encoded(1, _logs(_allocationLog(SOURCE, work)))), 0);
    │         ━━━━━━━━━━━━━━━━━━━━━━━━━━━━━━━━━━━━━━━━━━━━━━━━━━━━━━━━━━━━━━━━━━━━━━━━━━━━━━━━━━━━━━━━━━━━━━━━━━━━━━━━━
    │
    ╰ help: https://getfoundry.sh/forge/linting/unused-return

warning[unused-return]: Return value of an external call is not used
    ╭▸ test/WorkTreasuryTarget.t.sol:413:9
    │
413 │         wrongBuyer.recordPaidWork(workEpoch, 1);
    │         ━━━━━━━━━━━━━━━━━━━━━━━━━━━━━━━━━━━━━━━
    │
    ╰ help: https://getfoundry.sh/forge/linting/unused-return

warning[unused-return]: Return value of an external call is not used
    ╭▸ test/WorkTreasuryTarget.t.sol:417:9
    │
417 │         wrongOrder.recordPaidWork(workEpoch, 1);
    │         ━━━━━━━━━━━━━━━━━━━━━━━━━━━━━━━━━━━━━━━
    │
    ╰ help: https://getfoundry.sh/forge/linting/unused-return

warning[unused-return]: Return value of an external call is not used
    ╭▸ test/WorkTreasuryTarget.t.sol:421:9
    │
421 │         wrongAsset.recordPaidWork(workEpoch, 1);
    │         ━━━━━━━━━━━━━━━━━━━━━━━━━━━━━━━━━━━━━━━
    │
    ╰ help: https://getfoundry.sh/forge/linting/unused-return

warning[unused-return]: Return value of an external call is not used
    ╭▸ test/WorkTreasuryTarget.t.sol:425:9
    │
425 │         wrongPolicy.recordPaidWork(workEpoch, 1);
    │         ━━━━━━━━━━━━━━━━━━━━━━━━━━━━━━━━━━━━━━━━
    │
    ╰ help: https://getfoundry.sh/forge/linting/unused-return

warning[arbitrary-send-eth]: ETH is sent to a user-controlled destination; restrict the destination or the caller
    ╭▸ test/WorkTreasuryTarget.t.sol:430:14
    │
430 │         id = treasury.fundEpoch{value: config.cap}(config);
    │              ━━━━━━━━━━━━━━━━━━━━━━━━━━━━━━━━━━━━━━━━━━━━━
    │
    ╰ help: https://getfoundry.sh/forge/linting/arbitrary-send-eth

warning[uninitialized-local]: local variable is read before being initialized
    ╭▸ test/SourceAccountingInvariant.t.sol:220:30
    │
220 │         for (uint256 offset; offset < length; ++offset) {
    │                              ━━━━━━
    │
    ╰ help: https://getfoundry.sh/forge/linting/uninitialized-local

note[literal-instead-of-constant]: this literal appears multiple times in the contract; declare a named constant for it
    ╭▸ test/SourceCoordinator.t.sol:599:49
    │
599 │             acceptBefore: uint64(block.number + 10),
    │                                                 ━━
    │
    ╰ help: https://getfoundry.sh/forge/linting/literal-instead-of-constant

note[literal-instead-of-constant]: this literal appears multiple times in the contract; declare a named constant for it
    ╭▸ test/SourceCoordinator.t.sol:612:48
    │
612 │         bytes32[] memory nodes = new bytes32[](128);
    │                                                ━━━
    │
    ╰ help: https://getfoundry.sh/forge/linting/literal-instead-of-constant

note[literal-instead-of-constant]: this literal appears multiple times in the contract; declare a named constant for it
    ╭▸ test/SourceCoordinator.t.sol:614:29
    │
614 │         for (uint256 i; i < 128; ++i) {
    │                             ━━━
    │
    ╰ help: https://getfoundry.sh/forge/linting/literal-instead-of-constant

warning[arbitrary-send-eth]: ETH is sent to a user-controlled destination; restrict the destination or the caller
    ╭▸ test/AdversarialIntegration.t.sol:236:13
    │
236 │             treasury.fundEpoch{value: cap}(config);
    │             ━━━━━━━━━━━━━━━━━━━━━━━━━━━━━━━━━━━━━━
    │
    ╰ help: https://getfoundry.sh/forge/linting/arbitrary-send-eth

warning[unused-return]: Return value of an external call is not used
    ╭▸ test/AdversarialIntegration.t.sol:236:13
    │
236 │             treasury.fundEpoch{value: cap}(config);
    │             ━━━━━━━━━━━━━━━━━━━━━━━━━━━━━━━━━━━━━━
    │
    ╰ help: https://getfoundry.sh/forge/linting/unused-return

warning[unused-return]: Return value of an external call is not used
    ╭▸ test/AdversarialIntegration.t.sol:239:9
    │
239 │         source.initializeEpoch(config);
    │         ━━━━━━━━━━━━━━━━━━━━━━━━━━━━━━
    │
    ╰ help: https://getfoundry.sh/forge/linting/unused-return

warning[unsafe-typecast]: typecasts that can truncate values should be checked
    ╭▸ test/AdversarialIntegration.t.sol:257:35
    │
257 │             initializationCutoff: uint64(block.number + 100),
    │                                   ━━━━━━━━━━━━━━━━━━━━━━━━━━
    │
    ├ note: consider disabling this lint if you're certain the cast is safe
    │       
    │       // casting to 'uint64' is safe because [explain why]
    │       // forge-lint: disable-next-line(unsafe-typecast)
    │       
    │       
    ╰ help: https://getfoundry.sh/forge/linting/unsafe-typecast

warning[unsafe-typecast]: typecasts that can truncate values should be checked
    ╭▸ test/AdversarialIntegration.t.sol:258:30
    │
258 │             admissionCutoff: uint64(block.number + 10_000),
    │                              ━━━━━━━━━━━━━━━━━━━━━━━━━━━━━
    │
    ├ note: consider disabling this lint if you're certain the cast is safe
    │       
    │       // casting to 'uint64' is safe because [explain why]
    │       // forge-lint: disable-next-line(unsafe-typecast)
    │       
    │       
    ╰ help: https://getfoundry.sh/forge/linting/unsafe-typecast

warning[unsafe-typecast]: typecasts that can truncate values should be checked
    ╭▸ test/AdversarialIntegration.t.sol:272:26
    │
272 │         uint64 current = uint64(vm.getBlockNumber());
    │                          ━━━━━━━━━━━━━━━━━━━━━━━━━━━
    │
    ├ note: consider disabling this lint if you're certain the cast is safe
    │       
    │       // casting to 'uint64' is safe because [explain why]
    │       // forge-lint: disable-next-line(unsafe-typecast)
    │       
    │       
    ╰ help: https://getfoundry.sh/forge/linting/unsafe-typecast

warning[uninitialized-local]: local variable is read before being initialized
    ╭▸ test/AdversarialIntegration.t.sol:310:25
    │
310 │         for (uint256 i; i < logs.length; ++i) {
    │                         ━
    │
    ╰ help: https://getfoundry.sh/forge/linting/uninitialized-local

warning[uninitialized-local]: local variable is read before being initialized
    ╭▸ test/AdversarialIntegration.t.sol:321:24
    │
321 │         for (uint32 i; i < logs.length; ++i) {
    │                        ━
    │
    ╰ help: https://getfoundry.sh/forge/linting/uninitialized-local

warning[uninitialized-local]: local variable is read before being initialized
    ╭▸ test/AdversarialIntegration.t.sol:323:21
    │
323 │                 if (seen == occurrence) return i;
    │                     ━━━━
    │
    ╰ help: https://getfoundry.sh/forge/linting/uninitialized-local

warning[uninitialized-local]: local variable is read before being initialized
    ╭▸ test/AdversarialIntegration.t.sol:332:25
    │
332 │         for (uint256 i; i < recorded.length; ++i) {
    │                         ━
    │
    ╰ help: https://getfoundry.sh/forge/linting/uninitialized-local

warning[unsafe-typecast]: typecasts that can truncate values should be checked
    ╭▸ test/WorkTreasuryTarget.t.sol:470:24
    │
470 │             treeIndex: uint32(id - 1),
    │                        ━━━━━━━━━━━━━━
    │
    ├ note: consider disabling this lint if you're certain the cast is safe
    │       
    │       // casting to 'uint32' is safe because [explain why]
    │       // forge-lint: disable-next-line(unsafe-typecast)
    │       
    │       
    ╰ help: https://getfoundry.sh/forge/linting/unsafe-typecast

warning[uninitialized-local]: local variable is read before being initialized
    ╭▸ test/AdversarialIntegration.t.sol:346:25
    │
346 │         for (uint256 i; i < recorded.length; ++i) {
    │                         ━
    │
    ╰ help: https://getfoundry.sh/forge/linting/uninitialized-local

warning[require-revert-in-loop]: `require` or `revert` inside a loop
   ╭▸ src/AllocationCodec.sol:35:88
   │
35 │         if (topics.length != 3 || data.length != 352 || topics[0] != ALLOCATION_EVENT) revert InvalidEncoding();
   │                                                                                        ━━━━━━━━━━━━━━━━━━━━━━━━━
   │
   ╰ help: https://getfoundry.sh/forge/linting/require-revert-in-loop

warning[require-revert-in-loop]: `require` or `revert` inside a loop
   ╭▸ src/AllocationCodec.sol:38:61
   │
38 │         if (keccak256(encoded) != keccak256(abi.encode(a))) revert InvalidEncoding();
   │                                                             ━━━━━━━━━━━━━━━━━━━━━━━━━
   │
   ╰ help: https://getfoundry.sh/forge/linting/require-revert-in-loop

warning[uninitialized-local]: local variable is read before being initialized
    ╭▸ test/AdversarialIntegration.t.sol:402:29
    │
402 │             for (uint256 i; i < width; i += 2) {
    │                             ━
    │
    ╰ help: https://getfoundry.sh/forge/linting/uninitialized-local

warning[uninitialized-local]: local variable is read before being initialized
    ╭▸ test/AdversarialIntegration.t.sol:394:24
    │
394 │         for (uint32 i; i < WorkTypes.TREE_CAPACITY; ++i) {
    │                        ━
    │
    ╰ help: https://getfoundry.sh/forge/linting/uninitialized-local

warning[uninitialized-local]: local variable is read before being initialized
    ╭▸ test/AdversarialIntegration.t.sol:400:29
    │
400 │         for (uint256 level; level < WorkTypes.TREE_DEPTH; ++level) {
    │                             ━━━━━
    │
    ╰ help: https://getfoundry.sh/forge/linting/uninitialized-local

warning[calls-loop]: external call inside a loop
    ╭▸ test/AdversarialIntegration.t.sol:395:71
    │
395 │             nodes[i] = i < state.leafCount ? AllocationCodec.leafHash(source.allocationAt(epochId, i)) : empty;
    │                                                                       ━━━━━━━━━━━━━━━━━━━━━━━━━━━━━━━
    │
    ╰ help: https://getfoundry.sh/forge/linting/calls-loop

warning[unused-return]: Return value of an external call is not used
    ╭▸ test/EndToEnd.t.sol:129:42
    │
129 │           (, bytes32 prefixCheckpointId) = treasury.authenticateAndRecognizeCheckpoint(
    │ ┏━━━━━━━━━━━━━━━━━━━━━━━━━━━━━━━━━━━━━━━━━━┛
130 │ ┃             _proof(100, releaseReceipt), releaseCheckpointOrdinal, source.allocationAt(epochId, 1), return50Proof
131 │ ┃         );
    │ ┗━━━━━━━━━┛
    │
    ╰ help: https://getfoundry.sh/forge/linting/unused-return

warning[unsafe-typecast]: typecasts that can truncate values should be checked
    ╭▸ test/SourceAccountingInvariant.t.sol:230:26
    │
230 │         uint64 current = uint64(block.number);
    │                          ━━━━━━━━━━━━━━━━━━━━
    │
    ├ note: consider disabling this lint if you're certain the cast is safe
    │       
    │       // casting to 'uint64' is safe because [explain why]
    │       // forge-lint: disable-next-line(unsafe-typecast)
    │       
    │       
    ╰ help: https://getfoundry.sh/forge/linting/unsafe-typecast

warning[unused-return]: Return value of an external call is not used
    ╭▸ test/EndToEnd.t.sol:174:9
    │
174 │         source.sweepAvailable(epochId);
    │         ━━━━━━━━━━━━━━━━━━━━━━━━━━━━━━
    │
    ╰ help: https://getfoundry.sh/forge/linting/unused-return

warning[unused-return]: Return value of an external call is not used
    ╭▸ test/EndToEnd.t.sol:187:41
    │
187 │           (, bytes32 finalCheckpointId) = treasury.authenticateAndRecognizeCheckpoint(
    │ ┏━━━━━━━━━━━━━━━━━━━━━━━━━━━━━━━━━━━━━━━━━┛
188 │ ┃             _proof(101, finalReceipt), finalCheckpointOrdinal, source.allocationAt(epochId, 3), return15Proof
189 │ ┃         );
    │ ┗━━━━━━━━━┛
    │
    ╰ help: https://getfoundry.sh/forge/linting/unused-return

warning[unused-return]: Return value of an external call is not used
    ╭▸ test/EndToEnd.t.sol:195:9
    │
195 │         treasury.recognizeFromCheckpoint(finalCheckpointId, workA, _sourceProof(epochId, 0));
    │         ━━━━━━━━━━━━━━━━━━━━━━━━━━━━━━━━━━━━━━━━━━━━━━━━━━━━━━━━━━━━━━━━━━━━━━━━━━━━━━━━━━━━
    │
    ╰ help: https://getfoundry.sh/forge/linting/unused-return

warning[unused-return]: Return value of an external call is not used
    ╭▸ test/EndToEnd.t.sol:196:9
    │
196 │         treasury.recognizeFromCheckpoint(finalCheckpointId, workB, _sourceProof(epochId, 2));
    │         ━━━━━━━━━━━━━━━━━━━━━━━━━━━━━━━━━━━━━━━━━━━━━━━━━━━━━━━━━━━━━━━━━━━━━━━━━━━━━━━━━━━━
    │
    ╰ help: https://getfoundry.sh/forge/linting/unused-return

note[literal-instead-of-constant]: this literal appears multiple times in the contract; declare a named constant for it
    ╭▸ test/SourceCoordinator.t.sol:619:25
    │
619 │         uint256 width = 128;
    │                         ━━━
    │
    ╰ help: https://getfoundry.sh/forge/linting/literal-instead-of-constant

warning[uninitialized-local]: local variable is read before being initialized
    ╭▸ src/SourceCoordinator.sol:506:24
    │
506 │         for (uint32 i; i < count; ++i) {
    │                        ━
    │
    ╰ help: https://getfoundry.sh/forge/linting/uninitialized-local

warning[uninitialized-local]: local variable is read before being initialized
    ╭▸ test/WorkTreasuryTarget.t.sol:593:25
    │
593 │         for (uint256 i; i < WorkTypes.TREE_DEPTH; ++i) {
    │                         ━
    │
    ╰ help: https://getfoundry.sh/forge/linting/uninitialized-local

warning[unused-return]: Return value of an external call is not used
    ╭▸ test/EndToEnd.t.sol:211:9
    │
211 │         treasury.authenticateAndRecognizeReceipt(_proof(102, aReceipt), aAllocationOrdinal);
    │         ━━━━━━━━━━━━━━━━━━━━━━━━━━━━━━━━━━━━━━━━━━━━━━━━━━━━━━━━━━━━━━━━━━━━━━━━━━━━━━━━━━━
    │
    ╰ help: https://getfoundry.sh/forge/linting/unused-return

warning[arbitrary-send-eth]: ETH is sent to a user-controlled destination; restrict the destination or the caller
    ╭▸ test/EndToEnd.t.sol:220:9
    │
220 │         treasury.fundEpoch{value: 20}(config);
    │         ━━━━━━━━━━━━━━━━━━━━━━━━━━━━━━━━━━━━━
    │
    ╰ help: https://getfoundry.sh/forge/linting/arbitrary-send-eth

warning[uninitialized-local]: local variable is read before being initialized
    ╭▸ test/Performance.t.sol:259:24
    │
259 │         for (uint32 i; i < count; ++i) {
    │                        ━
    │
    ╰ help: https://getfoundry.sh/forge/linting/uninitialized-local

warning[uninitialized-local]: local variable is read before being initialized
    ╭▸ test/Performance.t.sol:251:25
    │
251 │         for (uint256 i; i < count; ++i) {
    │                         ━
    │
    ╰ help: https://getfoundry.sh/forge/linting/uninitialized-local

warning[unused-return]: Return value of an external call is not used
    ╭▸ test/Performance.t.sol:256:13
    │
256 │             target.authenticateTransaction(_proof(uint64(2_000 + nonce), receipt));
    │             ━━━━━━━━━━━━━━━━━━━━━━━━━━━━━━━━━━━━━━━━━━━━━━━━━━━━━━━━━━━━━━━━━━━━━━
    │
    ╰ help: https://getfoundry.sh/forge/linting/unused-return

warning[unused-return]: Return value of an external call is not used
    ╭▸ test/Performance.t.sol:260:13
    │
260 │             target.recognizeFromReceipt(position, receipt, i);
    │             ━━━━━━━━━━━━━━━━━━━━━━━━━━━━━━━━━━━━━━━━━━━━━━━━━
    │
    ╰ help: https://getfoundry.sh/forge/linting/unused-return

warning[unsafe-typecast]: typecasts that can truncate values should be checked
    ╭▸ test/Performance.t.sol:299:35
    │
299 │             initializationCutoff: uint64(block.number + 100),
    │                                   ━━━━━━━━━━━━━━━━━━━━━━━━━━
    │
    ├ note: consider disabling this lint if you're certain the cast is safe
    │       
    │       // casting to 'uint64' is safe because [explain why]
    │       // forge-lint: disable-next-line(unsafe-typecast)
    │       
    │       
    ╰ help: https://getfoundry.sh/forge/linting/unsafe-typecast

warning[unsafe-typecast]: typecasts that can truncate values should be checked
    ╭▸ test/Performance.t.sol:300:30
    │
300 │             admissionCutoff: uint64(block.number + 10_000),
    │                              ━━━━━━━━━━━━━━━━━━━━━━━━━━━━━
    │
    ├ note: consider disabling this lint if you're certain the cast is safe
    │       
    │       // casting to 'uint64' is safe because [explain why]
    │       // forge-lint: disable-next-line(unsafe-typecast)
    │       
    │       
    ╰ help: https://getfoundry.sh/forge/linting/unsafe-typecast

warning[uninitialized-local]: local variable is read before being initialized
    ╭▸ test/Performance.t.sol:319:25
    │
319 │         for (uint256 i; i < count; ++i) {
    │                         ━
    │
    ╰ help: https://getfoundry.sh/forge/linting/uninitialized-local

warning[unsafe-typecast]: typecasts that can truncate values should be checked
    ╭▸ test/Performance.t.sol:324:32
    │
324 │                 deliverBefore: uint64(block.number + 100),
    │                                ━━━━━━━━━━━━━━━━━━━━━━━━━━
    │
    ├ note: consider disabling this lint if you're certain the cast is safe
    │       
    │       // casting to 'uint64' is safe because [explain why]
    │       // forge-lint: disable-next-line(unsafe-typecast)
    │       
    │       
    ╰ help: https://getfoundry.sh/forge/linting/unsafe-typecast

warning[unused-return]: Return value of an external call is not used
    ╭▸ test/EndToEnd.t.sol:220:9
    │
220 │         treasury.fundEpoch{value: 20}(config);
    │         ━━━━━━━━━━━━━━━━━━━━━━━━━━━━━━━━━━━━━
    │
    ╰ help: https://getfoundry.sh/forge/linting/unused-return

warning[unsafe-typecast]: typecasts that can truncate values should be checked
    ╭▸ src/SourceCoordinator.sol:483:24
    │
483 │         uint32 count = uint32(terms.milestones.length);
    │                        ━━━━━━━━━━━━━━━━━━━━━━━━━━━━━━━
    │
    ├ note: consider disabling this lint if you're certain the cast is safe
    │       
    │       // casting to 'uint32' is safe because [explain why]
    │       // forge-lint: disable-next-line(unsafe-typecast)
    │       
    │       
    ╰ help: https://getfoundry.sh/forge/linting/unsafe-typecast

warning[unused-return]: Return value of an external call is not used
    ╭▸ test/EndToEnd.t.sol:248:63
    │
248 │         (NativeReceiptAuth.SourcePosition memory position,) = treasury.authenticateTransaction(_proof(200, receipt));
    │                                                               ━━━━━━━━━━━━━━━━━━━━━━━━━━━━━━━━━━━━━━━━━━━━━━━━━━━━━━
    │
    ╰ help: https://getfoundry.sh/forge/linting/unused-return

warning[unused-return]: Return value of an external call is not used
    ╭▸ test/EndToEnd.t.sol:251:9
    │
251 │         treasury.recognizeFromReceipt(position, receipt, workOrdinal);
    │         ━━━━━━━━━━━━━━━━━━━━━━━━━━━━━━━━━━━━━━━━━━━━━━━━━━━━━━━━━━━━━
    │
    ╰ help: https://getfoundry.sh/forge/linting/unused-return

warning[unused-return]: Return value of an external call is not used
    ╭▸ test/EndToEnd.t.sol:252:9
    │
252 │         treasury.recognizeFromReceipt(position, receipt, feeOrdinal);
    │         ━━━━━━━━━━━━━━━━━━━━━━━━━━━━━━━━━━━━━━━━━━━━━━━━━━━━━━━━━━━━
    │
    ╰ help: https://getfoundry.sh/forge/linting/unused-return

warning[unused-return]: Return value of an external call is not used
    ╭▸ test/EndToEnd.t.sol:261:9
    │
261 │         treasury.recognizeFromCheckpoint(checkpointId, replayedWork, replayedWorkProof);
    │         ━━━━━━━━━━━━━━━━━━━━━━━━━━━━━━━━━━━━━━━━━━━━━━━━━━━━━━━━━━━━━━━━━━━━━━━━━━━━━━━
    │
    ╰ help: https://getfoundry.sh/forge/linting/unused-return

warning[unsafe-typecast]: typecasts that can truncate values should be checked
    ╭▸ test/EndToEnd.t.sol:279:35
    │
279 │             initializationCutoff: uint64(block.number + 100),
    │                                   ━━━━━━━━━━━━━━━━━━━━━━━━━━
    │
    ├ note: consider disabling this lint if you're certain the cast is safe
    │       
    │       // casting to 'uint64' is safe because [explain why]
    │       // forge-lint: disable-next-line(unsafe-typecast)
    │       
    │       
    ╰ help: https://getfoundry.sh/forge/linting/unsafe-typecast

warning[unsafe-typecast]: typecasts that can truncate values should be checked
    ╭▸ test/EndToEnd.t.sol:280:30
    │
280 │             admissionCutoff: uint64(block.number + 1_000),
    │                              ━━━━━━━━━━━━━━━━━━━━━━━━━━━━
    │
    ├ note: consider disabling this lint if you're certain the cast is safe
    │       
    │       // casting to 'uint64' is safe because [explain why]
    │       // forge-lint: disable-next-line(unsafe-typecast)
    │       
    │       
    ╰ help: https://getfoundry.sh/forge/linting/unsafe-typecast

warning[unsafe-typecast]: typecasts that can truncate values should be checked
    ╭▸ test/EndToEnd.t.sol:299:28
    │
299 │             deliverBefore: uint64(block.number + 40),
    │                            ━━━━━━━━━━━━━━━━━━━━━━━━━
    │
    ├ note: consider disabling this lint if you're certain the cast is safe
    │       
    │       // casting to 'uint64' is safe because [explain why]
    │       // forge-lint: disable-next-line(unsafe-typecast)
    │       
    │       
    ╰ help: https://getfoundry.sh/forge/linting/unsafe-typecast

warning[unsafe-typecast]: typecasts that can truncate values should be checked
    ╭▸ test/EndToEnd.t.sol:300:27
    │
300 │             reviewBefore: uint64(block.number + 60),
    │                           ━━━━━━━━━━━━━━━━━━━━━━━━━
    │
    ├ note: consider disabling this lint if you're certain the cast is safe
    │       
    │       // casting to 'uint64' is safe because [explain why]
    │       // forge-lint: disable-next-line(unsafe-typecast)
    │       
    │       
    ╰ help: https://getfoundry.sh/forge/linting/unsafe-typecast

warning[unsafe-typecast]: typecasts that can truncate values should be checked
    ╭▸ test/EndToEnd.t.sol:301:25
    │
301 │             ruleBefore: uint64(block.number + 80)
    │                         ━━━━━━━━━━━━━━━━━━━━━━━━━
    │
    ├ note: consider disabling this lint if you're certain the cast is safe
    │       
    │       // casting to 'uint64' is safe because [explain why]
    │       // forge-lint: disable-next-line(unsafe-typecast)
    │       
    │       
    ╰ help: https://getfoundry.sh/forge/linting/unsafe-typecast

warning[unsafe-typecast]: typecasts that can truncate values should be checked
    ╭▸ test/EndToEnd.t.sol:312:27
    │
312 │             acceptBefore: uint64(block.number + 20),
    │                           ━━━━━━━━━━━━━━━━━━━━━━━━━
    │
    ├ note: consider disabling this lint if you're certain the cast is safe
    │       
    │       // casting to 'uint64' is safe because [explain why]
    │       // forge-lint: disable-next-line(unsafe-typecast)
    │       
    │       
    ╰ help: https://getfoundry.sh/forge/linting/unsafe-typecast

warning[unsafe-typecast]: typecasts that can truncate values should be checked
    ╭▸ test/Performance.t.sol:325:31
    │
325 │                 reviewBefore: uint64(block.number + 200),
    │                               ━━━━━━━━━━━━━━━━━━━━━━━━━━
    │
    ├ note: consider disabling this lint if you're certain the cast is safe
    │       
    │       // casting to 'uint64' is safe because [explain why]
    │       // forge-lint: disable-next-line(unsafe-typecast)
    │       
    │       
    ╰ help: https://getfoundry.sh/forge/linting/unsafe-typecast

warning[unsafe-typecast]: typecasts that can truncate values should be checked
    ╭▸ test/Performance.t.sol:326:29
    │
326 │                 ruleBefore: uint64(block.number + 300)
    │                             ━━━━━━━━━━━━━━━━━━━━━━━━━━
    │
    ├ note: consider disabling this lint if you're certain the cast is safe
    │       
    │       // casting to 'uint64' is safe because [explain why]
    │       // forge-lint: disable-next-line(unsafe-typecast)
    │       
    │       
    ╰ help: https://getfoundry.sh/forge/linting/unsafe-typecast

warning[locked-ether]: contract can receive ETH but has no mechanism to send it out
    ╭▸ test/WorkTreasuryTarget.t.sol:612:10
    │
612 │ contract AcceptingLock {
    │          ━━━━━━━━━━━━━
    │
    ╰ help: https://getfoundry.sh/forge/linting/locked-ether

warning[uninitialized-local]: local variable is read before being initialized
    ╭▸ test/SourceAccountingInvariant.t.sol:298:24
    │
298 │         for (uint32 i; i < state.leafCount; ++i) {
    │                        ━
    │
    ╰ help: https://getfoundry.sh/forge/linting/uninitialized-local

warning[uninitialized-local]: local variable is read before being initialized
    ╭▸ test/SourceAccountingInvariant.t.sol:303:18
    │
303 │             else earned += allocation.amount;
    │                  ━━━━━━
    │
    ╰ help: https://getfoundry.sh/forge/linting/uninitialized-local

warning[unused-return]: Return value of an external call is not used
   ╭▸ test/SourceCoordinator.t.sol:59:9
   │
59 │         source.initializeEpoch(config);
   │         ━━━━━━━━━━━━━━━━━━━━━━━━━━━━━━
   │
   ╰ help: https://getfoundry.sh/forge/linting/unused-return

warning[uninitialized-local]: local variable is read before being initialized
    ╭▸ test/SourceAccountingInvariant.t.sol:302:54
    │
302 │             if (allocation.kind == WorkTypes.RETURN) returned += allocation.amount;
    │                                                      ━━━━━━━━
    │
    ╰ help: https://getfoundry.sh/forge/linting/uninitialized-local

warning[calls-loop]: external call inside a loop
    ╭▸ test/SourceAccountingInvariant.t.sol:299:54
    │
299 │             WorkTypes.Allocation memory allocation = source.allocationAt(epochId, i);
    │                                                      ━━━━━━━━━━━━━━━━━━━━━━━━━━━━━━━
    │
    ╰ help: https://getfoundry.sh/forge/linting/calls-loop

warning[uninitialized-local]: local variable is read before being initialized
    ╭▸ src/SourceCoordinator.sol:529:24
    │
529 │         for (uint32 i; i < o.milestoneCount; ++i) {
    │                        ━
    │
    ╰ help: https://getfoundry.sh/forge/linting/uninitialized-local

warning[uninitialized-local]: local variable is read before being initialized
    ╭▸ src/SourceCoordinator.sol:534:13
    │
534 │             restored += m.work + m.fee;
    │             ━━━━━━━━
    │
    ╰ help: https://getfoundry.sh/forge/linting/uninitialized-local

warning[require-revert-in-loop]: `require` or `revert` inside a loop
    ╭▸ src/SourceCoordinator.sol:531:48
    │
531 │             if (m.status != MILESTONE_PENDING) revert InvalidState();
    │                                                ━━━━━━━━━━━━━━━━━━━━━━
    │
    ╰ help: https://getfoundry.sh/forge/linting/require-revert-in-loop

warning[unused-return]: Return value of an external call is not used
   ╭▸ test/SourceCoordinator.t.sol:72:9
   │
72 │         source.expireUninitializedEpoch(expiring);
   │         ━━━━━━━━━━━━━━━━━━━━━━━━━━━━━━━━━━━━━━━━━
   │
   ╰ help: https://getfoundry.sh/forge/linting/unused-return

warning[unused-return]: Return value of an external call is not used
   ╭▸ test/SourceCoordinator.t.sol:84:9
   │
84 │         source.initializeEpoch(expiring);
   │         ━━━━━━━━━━━━━━━━━━━━━━━━━━━━━━━━
   │
   ╰ help: https://getfoundry.sh/forge/linting/unused-return

note[literal-instead-of-constant]: this literal appears multiple times in the contract; declare a named constant for it
    ╭▸ test/SourceAccountingInvariant.t.sol:380:39
    │
380 │         handler.reservePending(third, 3);
    │                                       ━
    │
    ╰ help: https://getfoundry.sh/forge/linting/literal-instead-of-constant

note[literal-instead-of-constant]: this literal appears multiple times in the contract; declare a named constant for it
    ╭▸ test/SourceAccountingInvariant.t.sol:383:47
    │
383 │         _assertFullyReusable(source, epochId, 3);
    │                                               ━
    │
    ╰ help: https://getfoundry.sh/forge/linting/literal-instead-of-constant

note[literal-instead-of-constant]: this literal appears multiple times in the contract; declare a named constant for it
    ╭▸ test/SourceAccountingInvariant.t.sol:385:40
    │
385 │         handler.reservePending(fourth, 4);
    │                                        ━
    │
    ╰ help: https://getfoundry.sh/forge/linting/literal-instead-of-constant

note[literal-instead-of-constant]: this literal appears multiple times in the contract; declare a named constant for it
    ╭▸ test/SourceAccountingInvariant.t.sol:389:39
    │
389 │         assertEq(reused.reservations, 4);
    │                                       ━
    │
    ╰ help: https://getfoundry.sh/forge/linting/literal-instead-of-constant

warning[unsafe-typecast]: typecasts that can truncate values should be checked
    ╭▸ test/Performance.t.sol:338:27
    │
338 │             acceptBefore: uint64(block.number + 50),
    │                           ━━━━━━━━━━━━━━━━━━━━━━━━━
    │
    ├ note: consider disabling this lint if you're certain the cast is safe
    │       
    │       // casting to 'uint64' is safe because [explain why]
    │       // forge-lint: disable-next-line(unsafe-typecast)
    │       
    │       
    ╰ help: https://getfoundry.sh/forge/linting/unsafe-typecast

warning[uninitialized-local]: local variable is read before being initialized
    ╭▸ test/Performance.t.sol:350:24
    │
350 │         for (uint32 i; i < count; ++i) {
    │                        ━
    │
    ╰ help: https://getfoundry.sh/forge/linting/uninitialized-local

warning[uninitialized-local]: local variable is read before being initialized
    ╭▸ test/Performance.t.sol:373:29
    │
373 │             for (uint256 i; i < width; i += 2) {
    │                             ━
    │
    ╰ help: https://getfoundry.sh/forge/linting/uninitialized-local

warning[uninitialized-local]: local variable is read before being initialized
    ╭▸ test/Performance.t.sol:390:29
    │
390 │         for (uint256 level; level < WorkTypes.TREE_DEPTH; ++level) {
    │                             ━━━━━
    │
    ╰ help: https://getfoundry.sh/forge/linting/uninitialized-local

warning[uninitialized-local]: local variable is read before being initialized
    ╭▸ test/Performance.t.sol:392:29
    │
392 │             for (uint256 i; i < width; i += 2) {
    │                             ━
    │
    ╰ help: https://getfoundry.sh/forge/linting/uninitialized-local

warning[uninitialized-local]: local variable is read before being initialized
    ╭▸ test/Performance.t.sol:403:25
    │
403 │         for (uint256 i; i < WorkTypes.TREE_CAPACITY; ++i) {
    │                         ━
    │
    ╰ help: https://getfoundry.sh/forge/linting/uninitialized-local

warning[unused-return]: Return value of an external call is not used
    ╭▸ test/SourceCoordinator.t.sol:123:9
    │
123 │         source.acceptQuote(quote, signature);
    │         ━━━━━━━━━━━━━━━━━━━━━━━━━━━━━━━━━━━━
    │
    ╰ help: https://getfoundry.sh/forge/linting/unused-return

warning[unused-return]: Return value of an external call is not used
    ╭▸ test/SourceCoordinator.t.sol:126:9
    │
126 │         source.acceptQuote(quote, signature);
    │         ━━━━━━━━━━━━━━━━━━━━━━━━━━━━━━━━━━━━
    │
    ╰ help: https://getfoundry.sh/forge/linting/unused-return

warning[unused-return]: Return value of an external call is not used
    ╭▸ test/SourceCoordinator.t.sol:136:9
    │
136 │         source.acceptQuote(revoked, revokedQuoteSig);
    │         ━━━━━━━━━━━━━━━━━━━━━━━━━━━━━━━━━━━━━━━━━━━━
    │
    ╰ help: https://getfoundry.sh/forge/linting/unused-return

warning[uninitialized-local]: local variable is read before being initialized
    ╭▸ test/EndToEnd.t.sol:356:25
    │
356 │         for (uint256 i; i < keys.length; ++i) {
    │                         ━
    │
    ╰ help: https://getfoundry.sh/forge/linting/uninitialized-local

warning[calls-loop]: external call inside a loop
    ╭▸ test/EndToEnd.t.sol:357:47
    │
357 │             (uint8 v, bytes32 r, bytes32 s) = vm.sign(keys[i], digest);
    │                                               ━━━━━━━━━━━━━━━━━━━━━━━━
    │
    ╰ help: https://getfoundry.sh/forge/linting/calls-loop

warning[uninitialized-local]: local variable is read before being initialized
    ╭▸ test/EndToEnd.t.sol:377:25
    │
377 │         for (uint256 i; i < owners.length; ++i) {
    │                         ━
    │
    ╰ help: https://getfoundry.sh/forge/linting/uninitialized-local

warning[uninitialized-local]: local variable is read before being initialized
    ╭▸ test/EndToEnd.t.sol:395:25
    │
395 │         for (uint256 i; i < recorded.length; ++i) {
    │                         ━
    │
    ╰ help: https://getfoundry.sh/forge/linting/uninitialized-local

warning[uninitialized-local]: local variable is read before being initialized
    ╭▸ test/EndToEnd.t.sol:424:24
    │
424 │         for (uint32 i; i < logs.length; ++i) {
    │                        ━
    │
    ╰ help: https://getfoundry.sh/forge/linting/uninitialized-local

warning[uninitialized-local]: local variable is read before being initialized
    ╭▸ test/EndToEnd.t.sol:426:21
    │
426 │                 if (seen == occurrence) return i;
    │                     ━━━━
    │
    ╰ help: https://getfoundry.sh/forge/linting/uninitialized-local

warning[uninitialized-local]: local variable is read before being initialized
    ╭▸ test/EndToEnd.t.sol:440:24
    │
440 │         for (uint32 i; i < WorkTypes.TREE_CAPACITY; ++i) {
    │                        ━
    │
    ╰ help: https://getfoundry.sh/forge/linting/uninitialized-local

warning[uninitialized-local]: local variable is read before being initialized
    ╭▸ test/EndToEnd.t.sol:446:29
    │
446 │         for (uint256 level; level < WorkTypes.TREE_DEPTH; ++level) {
    │                             ━━━━━
    │
    ╰ help: https://getfoundry.sh/forge/linting/uninitialized-local

warning[uninitialized-local]: local variable is read before being initialized
    ╭▸ test/EndToEnd.t.sol:448:29
    │
448 │             for (uint256 i; i < width; i += 2) {
    │                             ━
    │
    ╰ help: https://getfoundry.sh/forge/linting/uninitialized-local

warning[calls-loop]: external call inside a loop
    ╭▸ test/EndToEnd.t.sol:441:71
    │
441 │             nodes[i] = i < state.leafCount ? AllocationCodec.leafHash(source.allocationAt(epochId, i)) : empty;
    │                                                                       ━━━━━━━━━━━━━━━━━━━━━━━━━━━━━━━
    │
    ╰ help: https://getfoundry.sh/forge/linting/calls-loop

warning[unsafe-typecast]: typecasts that can truncate values should be checked
    ╭▸ test/SourceCoordinator.t.sol:222:26
    │
222 │         uint64 current = uint64(vm.getBlockNumber());
    │                          ━━━━━━━━━━━━━━━━━━━━━━━━━━━
    │
    ├ note: consider disabling this lint if you're certain the cast is safe
    │       
    │       // casting to 'uint64' is safe because [explain why]
    │       // forge-lint: disable-next-line(unsafe-typecast)
    │       
    │       
    ╰ help: https://getfoundry.sh/forge/linting/unsafe-typecast

warning[unsafe-typecast]: typecasts that can truncate values should be checked
    ╭▸ test/SourceCoordinator.t.sol:281:26
    │
281 │         uint64 current = uint64(vm.getBlockNumber());
    │                          ━━━━━━━━━━━━━━━━━━━━━━━━━━━
    │
    ├ note: consider disabling this lint if you're certain the cast is safe
    │       
    │       // casting to 'uint64' is safe because [explain why]
    │       // forge-lint: disable-next-line(unsafe-typecast)
    │       
    │       
    ╰ help: https://getfoundry.sh/forge/linting/unsafe-typecast

warning[unsafe-typecast]: typecasts that can truncate values should be checked
    ╭▸ test/SourceCoordinator.t.sol:296:19
    │
296 │         current = uint64(vm.getBlockNumber());
    │                   ━━━━━━━━━━━━━━━━━━━━━━━━━━━
    │
    ├ note: consider disabling this lint if you're certain the cast is safe
    │       
    │       // casting to 'uint64' is safe because [explain why]
    │       // forge-lint: disable-next-line(unsafe-typecast)
    │       
    │       
    ╰ help: https://getfoundry.sh/forge/linting/unsafe-typecast

warning[unused-return]: Return value of an external call is not used
    ╭▸ test/SourceCoordinator.t.sol:383:9
    │
383 │         source.createOffer(_terms(epochId, 24, 1, 0, 0));
    │         ━━━━━━━━━━━━━━━━━━━━━━━━━━━━━━━━━━━━━━━━━━━━━━━━
    │
    ╰ help: https://getfoundry.sh/forge/linting/unused-return

warning[uninitialized-local]: local variable is read before being initialized
    ╭▸ test/SourceCoordinator.t.sol:403:19
    │
403 │                 ++allocationLogs;
    │                   ━━━━━━━━━━━━━━
    │
    ╰ help: https://getfoundry.sh/forge/linting/uninitialized-local

warning[uninitialized-local]: local variable is read before being initialized
    ╭▸ test/SourceCoordinator.t.sol:401:25
    │
401 │         for (uint256 i; i < logs.length; ++i) {
    │                         ━
    │
    ╰ help: https://getfoundry.sh/forge/linting/uninitialized-local

warning[uninitialized-local]: local variable is read before being initialized
    ╭▸ test/SourceCoordinator.t.sol:410:74
    │
410 │             if (logs[i].topics[0] == AllocationCodec.CHECKPOINT_EVENT) ++checkpointLogs;
    │                                                                          ━━━━━━━━━━━━━━
    │
    ╰ help: https://getfoundry.sh/forge/linting/uninitialized-local

warning[calls-loop]: external call inside a loop
    ╭▸ test/SourceCoordinator.t.sol:408:61
    │
408 │                 assertEq(AllocationCodec.leafHash(decoded), source.leafHashAt(epochId, decoded.treeIndex));
    │                                                             ━━━━━━━━━━━━━━━━━━━━━━━━━━━━━━━━━━━━━━━━━━━━━
    │
    ╰ help: https://getfoundry.sh/forge/linting/calls-loop

warning[uninitialized-local]: local variable is read before being initialized
    ╭▸ test/SourceCoordinator.t.sol:451:24
    │
451 │         for (uint32 i; i < 32; ++i) {
    │                        ━
    │
    ╰ help: https://getfoundry.sh/forge/linting/uninitialized-local

warning[uninitialized-local]: local variable is read before being initialized
    ╭▸ test/SourceCoordinator.t.sol:458:25
    │
458 │         for (uint256 i; i < 16; ++i) {
    │                         ━
    │
    ╰ help: https://getfoundry.sh/forge/linting/uninitialized-local

warning[uninitialized-local]: local variable is read before being initialized
    ╭▸ test/SourceCoordinator.t.sol:474:24
    │
474 │         for (uint32 i; i < 32; ++i) {
    │                        ━
    │
    ╰ help: https://getfoundry.sh/forge/linting/uninitialized-local

warning[calls-loop]: external call inside a loop
    ╭▸ test/SourceCoordinator.t.sol:452:13
    │
452 │             vm.prank(worker);
    │             ━━━━━━━━━━━━━━━━
    │
    ╰ help: https://getfoundry.sh/forge/linting/calls-loop

warning[calls-loop]: external call inside a loop
    ╭▸ test/SourceCoordinator.t.sol:453:13
    │
453 │             traceSource.deliver(orderId, i, keccak256(abi.encode("delivery", i)));
    │             ━━━━━━━━━━━━━━━━━━━━━━━━━━━━━━━━━━━━━━━━━━━━━━━━━━━━━━━━━━━━━━━━━━━━━
    │
    ╰ help: https://getfoundry.sh/forge/linting/calls-loop

warning[calls-loop]: external call inside a loop
    ╭▸ test/SourceCoordinator.t.sol:633:57
    │
633 │         SourceCoordinator.EpochStateView memory state = coordinator.epochState(id);
    │                                                         ━━━━━━━━━━━━━━━━━━━━━━━━━━
    │
    ╰ help: https://getfoundry.sh/forge/linting/calls-loop

warning[calls-loop]: external call inside a loop
    ╭▸ test/SourceCoordinator.t.sol:539:52
    │
539 │         SourceCoordinator.MilestoneData memory m = coordinator.milestone(orderId, milestoneId);
    │                                                    ━━━━━━━━━━━━━━━━━━━━━━━━━━━━━━━━━━━━━━━━━━━
    │
    ╰ help: https://getfoundry.sh/forge/linting/calls-loop

warning[calls-loop]: external call inside a loop
    ╭▸ test/SourceCoordinator.t.sol:540:9
    │
540 │         vm.prank(safe);
    │         ━━━━━━━━━━━━━━
    │
    ╰ help: https://getfoundry.sh/forge/linting/calls-loop

warning[calls-loop]: external call inside a loop
    ╭▸ test/SourceCoordinator.t.sol:541:9
    │
541 │         coordinator.challenge(orderId, milestoneId, m.deliveryHash, m.stateVersion);
    │         ━━━━━━━━━━━━━━━━━━━━━━━━━━━━━━━━━━━━━━━━━━━━━━━━━━━━━━━━━━━━━━━━━━━━━━━━━━━
    │
    ╰ help: https://getfoundry.sh/forge/linting/calls-loop

warning[calls-loop]: external call inside a loop
    ╭▸ test/SourceCoordinator.t.sol:459:13
    │
459 │             vm.recordLogs();
    │             ━━━━━━━━━━━━━━━
    │
    ╰ help: https://getfoundry.sh/forge/linting/calls-loop

warning[calls-loop]: external call inside a loop
    ╭▸ test/SourceCoordinator.t.sol:460:13
    │
460 │             vm.prank(buyer);
    │             ━━━━━━━━━━━━━━━
    │
    ╰ help: https://getfoundry.sh/forge/linting/calls-loop

warning[calls-loop]: external call inside a loop
    ╭▸ test/SourceCoordinator.t.sol:461:13
    │
461 │             traceSource.releaseFree(traceEpoch, 1, keccak256(abi.encode("return", i)));
    │             ━━━━━━━━━━━━━━━━━━━━━━━━━━━━━━━━━━━━━━━━━━━━━━━━━━━━━━━━━━━━━━━━━━━━━━━━━━
    │
    ╰ help: https://getfoundry.sh/forge/linting/calls-loop

warning[calls-loop]: external call inside a loop
    ╭▸ test/SourceCoordinator.t.sol:463:42
    │
463 │                 traceSource, traceEpoch, vm.getRecordedLogs(), 1
    │                                          ━━━━━━━━━━━━━━━━━━━━
    │
    ╰ help: https://getfoundry.sh/forge/linting/calls-loop

warning[calls-loop]: external call inside a loop
    ╭▸ test/SourceCoordinator.t.sol:644:57
    │
644 │         SourceCoordinator.EpochStateView memory state = coordinator.epochState(id);
    │                                                         ━━━━━━━━━━━━━━━━━━━━━━━━━━
    │
    ╰ help: https://getfoundry.sh/forge/linting/calls-loop

warning[calls-loop]: external call inside a loop
    ╭▸ test/SourceCoordinator.t.sol:656:42
    │
656 │                     keccak256(abi.encode(coordinator.allocationAt(id, decoded.treeIndex)))
    │                                          ━━━━━━━━━━━━━━━━━━━━━━━━━━━━━━━━━━━━━━━━━━━━━━━
    │
    ╰ help: https://getfoundry.sh/forge/linting/calls-loop

warning[calls-loop]: external call inside a loop
    ╭▸ test/SourceCoordinator.t.sol:658:61
    │
658 │                 assertEq(AllocationCodec.leafHash(decoded), coordinator.leafHashAt(id, decoded.treeIndex));
    │                                                             ━━━━━━━━━━━━━━━━━━━━━━━━━━━━━━━━━━━━━━━━━━━━━
    │
    ╰ help: https://getfoundry.sh/forge/linting/calls-loop

warning[calls-loop]: external call inside a loop
    ╭▸ test/SourceCoordinator.t.sol:611:57
    │
611 │         SourceCoordinator.EpochStateView memory state = coordinator.epochState(id);
    │                                                         ━━━━━━━━━━━━━━━━━━━━━━━━━━
    │
    ╰ help: https://getfoundry.sh/forge/linting/calls-loop

warning[calls-loop]: external call inside a loop
    ╭▸ test/SourceCoordinator.t.sol:612:34
    │
612 │         bytes32[] memory nodes = new bytes32[](128);
    │                                  ━━━━━━━━━━━━━━━━━━
    │
    ╰ help: https://getfoundry.sh/forge/linting/calls-loop

warning[calls-loop]: external call inside a loop
    ╭▸ test/SourceCoordinator.t.sol:616:44
    │
616 │                 ? AllocationCodec.leafHash(coordinator.allocationAt(id, uint32(i)))
    │                                            ━━━━━━━━━━━━━━━━━━━━━━━━━━━━━━━━━━━━━━━
    │
    ╰ help: https://getfoundry.sh/forge/linting/calls-loop

warning[calls-loop]: external call inside a loop
    ╭▸ test/SourceCoordinator.t.sol:475:13
    │
475 │             vm.prank(committee1);
    │             ━━━━━━━━━━━━━━━━━━━━
    │
    ╰ help: https://getfoundry.sh/forge/linting/calls-loop

warning[calls-loop]: external call inside a loop
    ╭▸ test/SourceCoordinator.t.sol:476:13
    │
476 │             traceSource.submitRulingVote(orderId, i, 1, 1, committee1, "");
    │             ━━━━━━━━━━━━━━━━━━━━━━━━━━━━━━━━━━━━━━━━━━━━━━━━━━━━━━━━━━━━━━
    │
    ╰ help: https://getfoundry.sh/forge/linting/calls-loop

warning[calls-loop]: external call inside a loop
    ╭▸ test/SourceCoordinator.t.sol:478:13
    │
478 │             vm.recordLogs();
    │             ━━━━━━━━━━━━━━━
    │
    ╰ help: https://getfoundry.sh/forge/linting/calls-loop

warning[calls-loop]: external call inside a loop
    ╭▸ test/SourceCoordinator.t.sol:479:13
    │
479 │             vm.prank(committee2);
    │             ━━━━━━━━━━━━━━━━━━━━
    │
    ╰ help: https://getfoundry.sh/forge/linting/calls-loop

warning[calls-loop]: external call inside a loop
    ╭▸ test/SourceCoordinator.t.sol:480:13
    │
480 │             traceSource.submitRulingVote(orderId, i, 1, 1, committee2, "");
    │             ━━━━━━━━━━━━━━━━━━━━━━━━━━━━━━━━━━━━━━━━━━━━━━━━━━━━━━━━━━━━━━
    │
    ╰ help: https://getfoundry.sh/forge/linting/calls-loop

warning[calls-loop]: external call inside a loop
    ╭▸ test/SourceCoordinator.t.sol:482:42
    │
482 │                 traceSource, traceEpoch, vm.getRecordedLogs(), 2
    │                                          ━━━━━━━━━━━━━━━━━━━━
    │
    ╰ help: https://getfoundry.sh/forge/linting/calls-loop

warning[calls-loop]: external call inside a loop
    ╭▸ test/SourceCoordinator.t.sol:484:13
    │
484 │             vm.recordLogs();
    │             ━━━━━━━━━━━━━━━
    │
    ╰ help: https://getfoundry.sh/forge/linting/calls-loop

warning[calls-loop]: external call inside a loop
    ╭▸ test/SourceCoordinator.t.sol:485:22
    │
485 │             assertEq(traceSource.sweepAvailable(traceEpoch), 1);
    │                      ━━━━━━━━━━━━━━━━━━━━━━━━━━━━━━━━━━━━━━
    │
    ╰ help: https://getfoundry.sh/forge/linting/calls-loop

warning[calls-loop]: external call inside a loop
    ╭▸ test/SourceCoordinator.t.sol:487:42
    │
487 │                 traceSource, traceEpoch, vm.getRecordedLogs(), 1
    │                                          ━━━━━━━━━━━━━━━━━━━━
    │
    ╰ help: https://getfoundry.sh/forge/linting/calls-loop

warning[unused-return]: Return value of an external call is not used
    ╭▸ test/SourceCoordinator.t.sol:423:9
    │
423 │         traceSource.initializeEpoch(traceConfig);
    │         ━━━━━━━━━━━━━━━━━━━━━━━━━━━━━━━━━━━━━━━━
    │
    ╰ help: https://getfoundry.sh/forge/linting/unused-return

warning[unused-return]: Return value of an external call is not used
    ╭▸ test/SourceCoordinator.t.sol:441:9
    │
441 │         traceSource.createOffer(overflow);
    │         ━━━━━━━━━━━━━━━━━━━━━━━━━━━━━━━━━
    │
    ╰ help: https://getfoundry.sh/forge/linting/unused-return

warning[unused-return]: Return value of an external call is not used
    ╭▸ test/SourceCoordinator.t.sol:509:9
    │
509 │         contractBuyer.execute(address(contractSource), abi.encodeCall(contractSource.initializeEpoch, (c)));
    │         ━━━━━━━━━━━━━━━━━━━━━━━━━━━━━━━━━━━━━━━━━━━━━━━━━━━━━━━━━━━━━━━━━━━━━━━━━━━━━━━━━━━━━━━━━━━━━━━━━━━
    │
    ╰ help: https://getfoundry.sh/forge/linting/unused-return

warning[unsafe-typecast]: typecasts that can truncate values should be checked
    ╭▸ test/SourceCoordinator.t.sol:559:35
    │
559 │             initializationCutoff: uint64(block.number + 10),
    │                                   ━━━━━━━━━━━━━━━━━━━━━━━━━
    │
    ├ note: consider disabling this lint if you're certain the cast is safe
    │       
    │       // casting to 'uint64' is safe because [explain why]
    │       // forge-lint: disable-next-line(unsafe-typecast)
    │       
    │       
    ╰ help: https://getfoundry.sh/forge/linting/unsafe-typecast

warning[unsafe-typecast]: typecasts that can truncate values should be checked
    ╭▸ test/SourceCoordinator.t.sol:560:30
    │
560 │             admissionCutoff: uint64(block.number + 1_000),
    │                              ━━━━━━━━━━━━━━━━━━━━━━━━━━━━
    │
    ├ note: consider disabling this lint if you're certain the cast is safe
    │       
    │       // casting to 'uint64' is safe because [explain why]
    │       // forge-lint: disable-next-line(unsafe-typecast)
    │       
    │       
    ╰ help: https://getfoundry.sh/forge/linting/unsafe-typecast

warning[uninitialized-local]: local variable is read before being initialized
    ╭▸ test/SourceCoordinator.t.sol:580:25
    │
580 │         for (uint256 i; i < count; ++i) {
    │                         ━
    │
    ╰ help: https://getfoundry.sh/forge/linting/uninitialized-local

warning[unsafe-typecast]: typecasts that can truncate values should be checked
    ╭▸ test/SourceCoordinator.t.sol:585:32
    │
585 │                 deliverBefore: uint64(block.number + 20),
    │                                ━━━━━━━━━━━━━━━━━━━━━━━━━
    │
    ├ note: consider disabling this lint if you're certain the cast is safe
    │       
    │       // casting to 'uint64' is safe because [explain why]
    │       // forge-lint: disable-next-line(unsafe-typecast)
    │       
    │       
    ╰ help: https://getfoundry.sh/forge/linting/unsafe-typecast

warning[unsafe-typecast]: typecasts that can truncate values should be checked
    ╭▸ test/SourceCoordinator.t.sol:586:31
    │
586 │                 reviewBefore: uint64(block.number + 30),
    │                               ━━━━━━━━━━━━━━━━━━━━━━━━━
    │
    ├ note: consider disabling this lint if you're certain the cast is safe
    │       
    │       // casting to 'uint64' is safe because [explain why]
    │       // forge-lint: disable-next-line(unsafe-typecast)
    │       
    │       
    ╰ help: https://getfoundry.sh/forge/linting/unsafe-typecast

warning[unsafe-typecast]: typecasts that can truncate values should be checked
    ╭▸ test/SourceCoordinator.t.sol:587:29
    │
587 │                 ruleBefore: uint64(block.number + 500)
    │                             ━━━━━━━━━━━━━━━━━━━━━━━━━━
    │
    ├ note: consider disabling this lint if you're certain the cast is safe
    │       
    │       // casting to 'uint64' is safe because [explain why]
    │       // forge-lint: disable-next-line(unsafe-typecast)
    │       
    │       
    ╰ help: https://getfoundry.sh/forge/linting/unsafe-typecast

warning[unsafe-typecast]: typecasts that can truncate values should be checked
    ╭▸ test/SourceCoordinator.t.sol:599:27
    │
599 │             acceptBefore: uint64(block.number + 10),
    │                           ━━━━━━━━━━━━━━━━━━━━━━━━━
    │
    ├ note: consider disabling this lint if you're certain the cast is safe
    │       
    │       // casting to 'uint64' is safe because [explain why]
    │       // forge-lint: disable-next-line(unsafe-typecast)
    │       
    │       
    ╰ help: https://getfoundry.sh/forge/linting/unsafe-typecast

warning[uninitialized-local]: local variable is read before being initialized
    ╭▸ test/SourceCoordinator.t.sol:614:25
    │
614 │         for (uint256 i; i < 128; ++i) {
    │                         ━
    │
    ╰ help: https://getfoundry.sh/forge/linting/uninitialized-local

warning[uninitialized-local]: local variable is read before being initialized
    ╭▸ test/SourceCoordinator.t.sol:621:29
    │
621 │             for (uint256 i; i < width; i += 2) nodes[i / 2] = AllocationCodec.nodeHash(nodes[i], nodes[i + 1]);
    │                             ━
    │
    ╰ help: https://getfoundry.sh/forge/linting/uninitialized-local

warning[unsafe-typecast]: typecasts that can truncate values should be checked
    ╭▸ test/SourceCoordinator.t.sol:616:73
    │
616 │                 ? AllocationCodec.leafHash(coordinator.allocationAt(id, uint32(i)))
    │                                                                         ━━━━━━━━━
    │
    ├ note: consider disabling this lint if you're certain the cast is safe
    │       
    │       // casting to 'uint32' is safe because [explain why]
    │       // forge-lint: disable-next-line(unsafe-typecast)
    │       
    │       
    ╰ help: https://getfoundry.sh/forge/linting/unsafe-typecast

warning[uninitialized-local]: local variable is read before being initialized
    ╭▸ test/SourceCoordinator.t.sol:647:25
    │
647 │         for (uint256 i; i < logs.length; ++i) {
    │                         ━
    │
    ╰ help: https://getfoundry.sh/forge/linting/uninitialized-local

warning[uninitialized-local]: local variable is read before being initialized
    ╭▸ test/SourceCoordinator.t.sol:652:85
    │
652 │                 assertEq(decoded.treeIndex, state.leafCount - expectedAllocations + allocations);
    │                                                                                     ━━━━━━━━━━━
    │
    ╰ help: https://getfoundry.sh/forge/linting/uninitialized-local

warning[uninitialized-local]: local variable is read before being initialized
    ╭▸ test/SourceCoordinator.t.sol:668:19
    │
668 │                 ++checkpoints;
    │                   ━━━━━━━━━━━
    │
    ╰ help: https://getfoundry.sh/forge/linting/uninitialized-local

warning[require-revert-in-loop]: `require` or `revert` inside a loop
   ╭▸ src/AllocationCodec.sol:41:88
   │
41 │         if (topics.length != 2 || data.length != 160 || topics[0] != CHECKPOINT_EVENT) revert InvalidEncoding();
   │                                                                                        ━━━━━━━━━━━━━━━━━━━━━━━━━
   │
   ╰ help: https://getfoundry.sh/forge/linting/require-revert-in-loop

warning[require-revert-in-loop]: `require` or `revert` inside a loop
   ╭▸ src/AllocationCodec.sol:44:61
   │
44 │         if (keccak256(encoded) != keccak256(abi.encode(c))) revert InvalidEncoding();
   │                                                             ━━━━━━━━━━━━━━━━━━━━━━━━━
   │
   ╰ help: https://getfoundry.sh/forge/linting/require-revert-in-loop

note[missing-inheritance]: contract `WorkTreasury` implements interface `IWorkTreasuryPaidRead`'s external API but does not explicitly inherit from it
   ╭▸ src/WorkTreasury.sol:14:10
   │
14 │ contract WorkTreasury is NativeReceiptAuth, ReentrancyGuard {
   │          ━━━━━━━━━━━━
   │
   ╰ help: https://getfoundry.sh/forge/linting/missing-inheritance

note[internal-function-used-once]: this internal function is used only once; consider inlining it into its caller
   ╭▸ src/AllocationCodec.sol:28:5
   │
28 │     function outcomeHash(bytes32 epoch, bytes32 order, uint32 milestone, bytes32 terms, bytes32 delivery, bytes32 decision) internal p…
   │     ━━━━━━━━
   │
   ╰ help: https://getfoundry.sh/forge/linting/internal-function-used-once

